Price,Close,High,Low,Open,Volume
8/16/21,35625.39844,35631.19141,35231.87109,35490.82813,292590000
8/17/21,35343.28125,35500.01172,35120.30859,35500.01172,309410000
8/18/21,34960.69141,35356.80078,34943.41016,35310.19922,289800000
8/19/21,34894.12109,34997.80859,34690.25,34874.67188,333550000
8/20/21,35120.07813,35177.26172,34867.07031,34917.96094,269320000
8/23/21,35335.71094,35428.91016,35160.96875,35160.96875,245760000
8/24/21,35366.26172,35445.46875,35356.17969,35382.71875,228710000
8/25/21,35405.5,35501.14063,35287.62891,35388.76953,237230000
8/26/21,35213.12109,35498.44922,35205.10156,35449.67969,239740000
8/27/21,35455.80078,35479.17969,35231.10938,35231.10938,240990000
8/30/21,35399.83984,35510.71094,35374.46094,35471.80078,245390000
8/31/21,35360.73047,35449.78906,35289.85938,35391.37891,337240000
9/1/21,35312.53125,35407.37109,35287.05078,35387.55078,265520000
9/2/21,35443.82031,35475.39844,35348.48047,35353.05859,263370000
9/3/21,35369.08984,35422.71094,35269.39844,35401.73047,221370000
9/7/21,35100,35373.23828,35060.89844,35373.23828,289830000
9/8/21,35031.07031,35175.14844,34925.60938,35087.44922,261880000
9/9/21,34879.37891,35199.89063,34847.30078,35013.07813,261330000
9/10/21,34607.71875,35104.25,34599.60938,34949.58984,333230000
9/13/21,34869.62891,34939.10156,34665.5,34665.5,334190000
9/14/21,34577.57031,34990.35938,34510.30078,34906.89844,325140000
9/15/21,34814.39063,34880.76953,34522.03125,34580.94922,317490000
9/16/21,34751.32031,34943.55078,34540.10938,34810.26953,278270000
9/17/21,34584.87891,34779.85938,34519.62891,34737.85938,560630000
9/20/21,33970.46875,34459.71875,33613.03125,34459.71875,435780000
9/21/21,33919.83984,34313.87891,33914.01953,34025.60938,306970000
9/22/21,34258.32031,34440.42188,34006.87109,34006.87109,296590000
9/23/21,34764.82031,34879.78125,34296.30078,34296.30078,283890000
9/24/21,34798,34857.05859,34648.07813,34762.30859,254310000
9/27/21,34869.37109,35061.12109,34739.26953,34739.26953,289480000
9/28/21,34299.98828,34798.21094,34254.64844,34747.69922,379020000
9/29/21,34390.71875,34580.42188,34305.96094,34360.07813,290350000
9/30/21,33843.92188,34557.37109,33833.32031,34467.98047,354830000
10/1/21,34326.46094,34490.55859,33785.53906,33930.69922,427580000
10/4/21,34002.92188,34410.28125,33821.57813,34312.96094,396860000
10/5/21,34314.67188,34490.94922,34035.25,34035.25,311520000
10/6/21,34416.98828,34432.67969,33854.69141,34198.96094,322170000
10/7/21,34754.94141,34975.19141,34509.71875,34509.71875,273290000
10/8/21,34746.25,34842.62109,34661.94922,34757.57031,238080000
10/11/21,34496.05859,34951.35156,34486.51172,34723.78906,256820000
10/12/21,34378.33984,34611.23828,34318.94141,34507.14844,319010000
10/13/21,34377.80859,34449.82813,34115.10156,34372.71094,316220000
10/14/21,34912.55859,34923.82813,34443.21875,34443.21875,338540000
10/15/21,35294.76172,35320.96875,35023.62891,35023.62891,327870000
10/18/21,35258.60938,35327.57031,35035.94141,35221.01953,312640000
10/19/21,35457.30859,35462.67969,35290.12109,35325.37109,278510000
10/20/21,35609.33984,35669.69141,35465.71094,35475.16016,265750000
10/21/21,35603.07813,35612.35938,35442.53125,35520.32031,298390000
10/22/21,35677.01953,35765.01953,35533.94922,35607.71875,346290000
10/25/21,35741.14844,35787.03906,35629.37109,35692.62109,267220000
10/26/21,35756.87891,35892.92188,35734.73047,35791.05078,321910000
10/27/21,35490.69141,35835.42969,35490.42969,35835.42969,354180000
10/28/21,35730.48047,35742.25,35545.41016,35545.41016,337400000
10/29/21,35819.55859,35852.53125,35633.19922,35712.28125,399400000
11/1/21,35913.83984,36009.73828,35797.96875,35833.64844,292880000
11/2/21,36052.62891,36088.80859,35884.12891,35935.10938,304510000
11/3/21,36157.57813,36178.51172,35891.73047,36059.08984,262540000
11/4/21,36124.23047,36168.03125,35986.48047,36107.46094,307640000
11/5/21,36327.94922,36484.75,36190.19922,36268.75,344600000
11/8/21,36432.21875,36565.73047,36334.42188,36416.46094,284400000
11/9/21,36319.98047,36416.98047,36173.07031,36404.53125,258020000
11/10/21,36079.94141,36346.60938,36009.5,36299.25,278390000
11/11/21,35921.23047,36108.17188,35915.26953,36038.78125,270320000
11/12/21,36100.30859,36147.62891,35934.58984,35963.78125,293180000
11/15/21,36087.44922,36236.07031,36031.78125,36128.82813,280660000
11/16/21,36142.21875,36316.60938,36076.17969,36076.17969,308290000
11/17/21,35931.05078,36159.69922,35909.48047,36159.69922,358310000
11/18/21,35870.94922,35952.62891,35654.39063,35901.69141,435080000
11/19/21,35601.98047,35879.08984,35555.37109,35879.08984,408840000
11/22/21,35619.25,35929.66016,35615.55078,35631.41016,420810000
11/23/21,35813.80078,35841.51953,35542.87109,35619.92188,392520000
11/24/21,35804.37891,35825.46875,35591.03125,35752.30859,280960000
11/26/21,34899.33984,35366.69141,34749.80078,35366.69141,324580000
11/29/21,35135.94141,35287.91016,34895.89063,35017.71094,416040000
11/30/21,34483.71875,35056.98828,34424.44141,35056.98828,678800000
12/1/21,34022.03906,35004.64063,34006.98047,34678.94141,496000000
12/2/21,34639.78906,34759.64844,34076.25,34076.25,466900000
12/3/21,34580.07813,34801.30859,34264.57031,34692.78125,439550000
12/6/21,35227.03125,35356.75,34633.42969,34633.42969,416720000
12/7/21,35719.42969,35819.46875,35423.98828,35423.98828,474940000
12/8/21,35754.75,35840.51953,35602.64844,35716.85156,387650000
12/9/21,35754.69141,35864.23828,35577.14063,35722.26172,353020000
12/10/21,35970.98828,35982.69141,35710.42969,35830.55078,361200000
12/13/21,35650.94922,35958.92969,35609.53125,35958.92969,441110000
12/14/21,35544.17969,35779.46875,35441.73828,35605.73047,440900000
12/15/21,35927.42969,35943.83984,35389.30078,35549.35156,424720000
12/16/21,35897.64063,36189.82813,35778.21094,36036.28125,473620000
12/17/21,35365.44141,35800.10938,35284.26172,35800.10938,750480000
12/20/21,34932.16016,35222.12109,34665.5,35222.12109,386590000
12/21/21,35492.69922,35508.96094,35069.5,35069.5,346080000
12/22/21,35753.89063,35764.67188,35433.12891,35491.71094,281930000
12/23/21,35950.55859,36060.98828,35782.42188,35782.42188,247420000
12/27/21,36302.37891,36306.60938,35954.48047,35954.48047,244350000
12/28/21,36398.21094,36527.26172,36302.98828,36302.98828,239090000
12/29/21,36488.62891,36571.55078,36396.19141,36421.14063,213480000
12/30/21,36398.07813,36679.44141,36372.12891,36522.48047,205620000
12/31/21,36338.30078,36484.94141,36303.96875,36385.85156,213200000
1/3/22,36585.05859,36595.82031,36246.44922,36321.58984,347930000
1/4/22,36799.64844,36934.83984,36636,36636,435080000
1/5/22,36407.10938,36952.64844,36400.39063,36722.60156,462040000
1/6/22,36236.46875,36464.19141,36200.67969,36409.05078,385890000
1/7/22,36231.66016,36382.83984,36111.53125,36249.58984,356110000
1/10/22,36068.87109,36175.21094,35639.91016,36175.21094,430680000
1/11/22,36252.01953,36271.46875,35769.37891,36058.85156,356850000
1/12/22,36290.32031,36453.48828,36168.14844,36336.16016,310180000
1/13/22,36113.62109,36513.87891,36044.21875,36312.48828,343640000
1/14/22,35911.80859,35996.42969,35641.48828,35996.42969,389200000
1/18/22,35368.46875,35661.76172,35262.01953,35661.76172,427260000
1/19/22,35028.64844,35547.82813,35015.48828,35412.30078,393080000
1/20/22,34715.39063,35490.19922,34670.12109,35102.66016,369070000
1/21/22,34265.37109,34896.67188,34229.55078,34701.69141,523880000
1/24/22,34364.5,34420.98828,33150.32813,34070.60938,664010000
1/25/22,34297.73047,34591.03906,33545.51953,34186.64063,506430000
1/26/22,34168.08984,34815.67188,33876.48047,34520.82031,546330000
1/27/22,34160.78125,34773.32031,34007.78125,34261.75,527780000
1/28/22,34725.46875,34731.76953,33807.51172,34135.23828,568440000
1/31/22,35131.85938,35148.14063,34496.10156,34691.17188,468070000
2/1/22,35405.23828,35441.08984,34977.94922,35151.46875,386080000
2/2/22,35629.32813,35679.19922,35290.12109,35378.19141,359540000
2/3/22,35111.16016,35535.94141,35071.05859,35520.07813,381020000
2/4/22,35089.73828,35333.55078,34799.07813,35095.73828,349880000
2/7/22,35091.12891,35325.01172,34993.98047,35108.37891,328910000
2/8/22,35462.78125,35544.89063,35090.42188,35160.67969,319190000
2/9/22,35768.05859,35824.28125,35614.89844,35614.89844,333610000
2/10/22,35241.58984,35800.23828,35100.71875,35630.80859,411620000
2/11/22,34738.05859,35431.14844,34620.51953,35267.89063,398860000
2/14/22,34566.17188,34744.55859,34304.28125,34694.5,370320000
2/15/22,34988.83984,35047.78906,34686.19141,34686.19141,305670000
2/16/22,34934.26953,35042.08984,34642.64063,34951.82813,294410000
2/17/22,34312.03125,34858.46875,34246.23047,34858.46875,348720000
2/18/22,34079.17969,34423.57813,33976.17969,34310.44922,414080000
2/22/22,33596.60938,34024.73828,33364.28906,33974.08984,432090000
2/23/22,33131.76172,33832.58984,33084.89844,33680.96875,370600000
2/24/22,33223.82813,33269.33984,32272.64063,32830.32813,590850000
2/25/22,34058.75,34095.73828,33277.21875,33277.21875,417630000
2/28/22,33892.60156,33963.62891,33469.30859,33870.62109,443460000
3/1/22,33294.94922,33870.14063,33107.67188,33813.48047,438730000
3/2/22,33891.35156,34013.67188,33379.51172,33379.51172,400920000
3/3/22,33794.66016,34179.07031,33641.53125,33972.87109,369740000
3/4/22,33614.80078,33655.42969,33254.12109,33655.42969,408390000
3/7/22,32817.37891,33579.75,32806.14844,33579.75,488400000
3/8/22,32632.64063,33402.98047,32578.73047,32885.17188,553750000
3/9/22,33286.25,33457.28125,32860.42188,32860.42188,418670000
3/10/22,33174.07031,33236.58984,32819.76172,33106.76953,399480000
3/11/22,32944.19141,33515.60938,32911.89063,33279.71875,369480000
3/14/22,32945.23828,33395.58984,32818.16016,33000.37109,394940000
3/15/22,33544.33984,33620.83984,32989.26953,32989.26953,388810000
3/16/22,34063.10156,34075.94141,33391.23828,33653.92969,427400000
3/17/22,34480.76172,34483.92188,33896.05859,33995.39063,339470000
3/18/22,34754.92969,34755.19922,34279.82813,34466.71875,615420000
3/21/22,34552.98828,34808.28125,34341.80859,34669.85156,408490000
3/22/22,34807.46094,34882.03125,34583.23828,34583.23828,368550000
3/23/22,34358.5,34748.83984,34352.96094,34748.83984,347880000
3/24/22,34707.94141,34713.55859,34355.42188,34406.80859,324870000
3/25/22,34861.23828,34942.69922,34631.51953,34702.39063,285440000
3/28/22,34955.89063,34957.92969,34552.23047,34833.03125,299790000
3/29/22,35294.19141,35372.26172,35030.07031,35114.35156,355050000
3/30/22,35228.80859,35361.35938,35058.57813,35273.62891,317320000
3/31/22,34678.35156,35201.51953,34677.98828,35201.51953,433400000
4/1/22,34818.26953,34847.91016,34538.25,34740.89063,340400000
4/4/22,34921.87891,34940.78125,34615.37891,34799.98047,316570000
4/5/22,34641.17969,35112.21094,34566.03906,34876.32813,304010000
4/6/22,34496.51172,34609.83984,34277.17188,34520.33984,386250000
4/7/22,34583.57031,34705.82813,34190.94922,34439.23828,319870000
4/8/22,34721.12109,34908.46094,34470.19141,34569.23828,301750000
4/11/22,34308.07813,34701.33984,34272.28906,34630.26953,333290000
4/12/22,34220.35938,34669.96875,34102.80859,34412.51172,333510000
4/13/22,34564.58984,34598.35938,34140.64063,34166.64063,313630000
4/14/22,34451.23047,34889.17188,34437.5,34628.46094,353680000
4/18/22,34411.69141,34618.28906,34279.07813,34411.48828,264110000
4/19/22,34911.19922,34983.10938,34394.62109,34394.62109,296350000
4/20/22,35160.78906,35315.39844,34962.67188,34962.67188,337620000
4/21/22,34792.76172,35492.21875,34723.82031,35258.80078,366390000
4/22/22,33811.39844,34727.37891,33773.39063,34727.37891,373280000
4/25/22,34049.46094,34106.01172,33323.37109,33731.64844,416900000
4/26/22,33240.17969,33909.51172,33230.94922,33907.48828,400020000
4/27/22,33301.92969,33697.17969,33108.89063,33450.92188,447230000
4/28/22,33916.39063,34054.78906,33248.46094,33425.96094,440380000
4/29/22,32977.21094,33919.58984,32913.14844,33787.01172,501560000
5/2/22,33061.5,33224.94922,32449.86914,32978.48828,453390000
5/3/22,33128.78906,33341.57813,32914.75,33086.08984,364420000
5/4/22,34061.05859,34117.73828,33021.83984,33171.80078,411060000
5/5/22,32997.96875,33854.17188,32685.09961,33854.17188,448420000
5/6/22,32899.37109,33055.83984,32474.68945,32773.87891,416520000
5/9/22,32245.69922,32685.16992,32121.98047,32685.16992,470770000
5/10/22,32160.74023,32752.16992,31887.89063,32504.08984,439290000
5/11/22,31834.10938,32584.01953,31798.85938,32123.24023,458460000
5/12/22,31730.30078,31914.46094,31228.2207,31699.03906,544240000
5/13/22,32196.66016,32276.05078,31862.78906,31963.85938,388520000
5/16/22,32223.41992,32514.01953,31928.17969,32152.15039,330030000
5/17/22,32654.58984,32689.14063,32308.15039,32427,389310000
5/18/22,31490.07031,32468.66992,31393.94922,32468.66992,465060000
5/19/22,31253.13086,31569.13086,31016.41016,31262.61914,517190000
5/20/22,31261.90039,31515.7793,30635.75977,31426.93945,495510000
5/23/22,31880.24023,31968.41992,31395.89063,31395.89063,402010000
5/24/22,31928.61914,32014.85938,31365.58984,31717.60938,382950000
5/25/22,32120.2793,32254.43945,31754.33008,31816.31055,343460000
5/26/22,32637.18945,32774.14063,32248.16992,32248.16992,351220000
5/27/22,33212.96094,33213.62109,32682.00977,32735.08984,328770000
5/31/22,32990.12109,33240.21875,32752.33984,33160.58984,533560000
6/1/22,32813.23047,33272.33984,32584.75977,33156.30859,338210000
6/2/22,33248.28125,33248.60938,32509.42969,32809.01172,333210000
6/3/22,32899.69922,33135.60938,32839.21094,32986.32031,298570000
6/6/22,32915.78125,33235.37109,32819.5,33032.03906,253010000
6/7/22,33180.14063,33207.44922,32641.84961,32783.03125,270750000
6/8/22,32910.89844,33156.5,32824.37109,33087.07031,270470000
6/9/22,32272.78906,32956.73047,32267.7793,32828.62109,289710000
6/10/22,31392.78906,32053.51953,31387.83984,32053.51953,362300000
6/13/22,30516.74023,31144.91016,30373.7207,31144.91016,472290000
6/14/22,30364.83008,30690.80078,30144.23047,30592.33984,366800000
6/15/22,30668.5293,31011.9707,30185.08008,30570.5,392670000
6/16/22,29927.07031,30305.74023,29740.34961,30305.74023,442910000
6/17/22,29888.7793,30167.51953,29653.28906,29912.69922,692830000
6/21/22,30530.25,30653.98047,30074.68945,30074.68945,376900000
6/22/22,30483.13086,30777.91992,30166.00977,30352.57031,343490000
6/23/22,30677.35938,30715.63086,30293.40039,30570.33008,361420000
6/24/22,31500.67969,31517.28906,30846.93945,30846.93945,465480000
6/27/22,31438.25977,31598.58984,31351.36914,31533.59961,309910000
6/28/22,30946.99023,31885.08984,30934.33008,31549.05078,350780000
6/29/22,31029.31055,31152.96094,30894.5293,31067.41016,269390000
6/30/22,30775.42969,30979.84961,30431.86914,30790,394070000
7/1/22,31097.25977,31139.34961,30487.78906,30737.76953,310440000
7/5/22,30967.82031,30971.74023,30355.11914,30903.11914,323080000
7/6/22,31037.67969,31224.68945,30794.83984,30957.30078,289800000
7/7/22,31384.55078,31421.83984,31154.64063,31190.65039,296620000
7/8/22,31338.15039,31511.46094,31212.44922,31348.42969,238120000
7/11/22,31173.83984,31367.55078,31114.40039,31277.98047,245020000
7/12/22,30981.33008,31346.09961,30860.50977,31113.31055,324190000
7/13/22,30772.78906,30979.16992,30514.60938,30743.63086,291830000
7/14/22,30630.16992,30680.11914,30143.92969,30451.80078,325130000
7/15/22,31288.25977,31288.25977,30775.36914,30775.36914,321570000
7/18/22,31072.60938,31644.67969,30982.9707,31475.98047,309960000
7/19/22,31827.05078,31842.25,31165.91016,31165.91016,378720000
7/20/22,31874.83984,31944.44922,31646.94922,31829.99023,313520000
7/21/22,32036.90039,32040.63086,31534.08008,31826.49023,302320000
7/22/22,31899.28906,32219.25,31731.4707,32167.91992,319880000
7/25/22,31990.03906,32029.0293,31821.66992,31950.92969,255450000
7/26/22,31761.53906,31950.03906,31705.35938,31950.03906,324930000
7/27/22,32197.58984,32336.23047,31799.42969,31865.05078,365480000
7/28/22,32529.63086,32609.53906,31982.60938,32197.61914,331110000
7/29/22,32845.12891,32910.17969,32493.01953,32515.61914,487360000
8/1/22,32798.39844,32972.03125,32640.78906,32755.71094,321180000
8/2/22,32396.16992,32772.92969,32387.11914,32691.28906,316740000
8/3/22,32812.5,32912.73828,32514.21094,32514.21094,342160000
8/4/22,32726.82031,32829.21875,32652.63086,32805.69141,315590000
8/5/22,32803.46875,32814.60938,32489.61914,32593.90039,273010000
8/8/22,32832.53906,33109.96094,32769.10156,32877.35938,275350000
8/9/22,32774.41016,32877.53125,32702.66016,32807.35938,281080000
8/10/22,33309.51172,33364.41016,33130.62891,33130.62891,311740000
8/11/22,33336.67188,33651.80078,33289.82813,33451.51172,308030000
8/12/22,33761.05078,33767.08984,33398.32031,33430.71875,299140000
8/15/22,33912.44141,33954.71094,33582.96094,33710.69922,262670000
8/16/22,34152.01172,34281.35938,33852.57031,33924.35156,288670000
8/17/22,33980.32031,34161.01172,33828.41016,34029.55078,281390000
8/18/22,33999.03906,34043.82813,33844.46094,33981.85938,282550000
8/19/22,33706.73828,33904.69141,33627.08984,33904.69141,293990000
8/22/22,33063.60938,33586.58984,33007.62891,33586.58984,308900000
8/23/22,32909.58984,33138.26172,32858.89063,33033.51953,251870000
8/24/22,32969.23047,33095.5,32828.55859,32899.01172,256900000
8/25/22,33291.78125,33306.08984,32889.85156,33029.26953,308530000
8/26/22,32283.40039,33364.69922,32278.2207,33293.42969,352850000
8/29/22,32098.99023,32325.16016,31972.78906,32188,317820000
8/30/22,31790.86914,32205.66016,31647.2207,32163.83984,317150000
8/31/22,31510.42969,31966.03906,31509.58984,31827.15039,392780000
9/1/22,31656.41992,31677.50977,31219.75,31454.58008,339360000
9/2/22,31318.43945,32026.90039,31182.08984,31848.5,306180000
9/6/22,31145.30078,31463.89063,31048.46094,31343.78906,347320000
9/7/22,31581.2793,31644.33984,31095.21094,31145.63086,345080000
9/8/22,31774.51953,31783.36914,31321.5,31481.94922,344340000
9/9/22,32151.71094,32227.74023,31876.2207,31876.2207,310980000
9/12/22,32381.33984,32504.03906,32159.49023,32159.49023,339250000
9/13/22,31104.9707,32006.5,31018.53906,32006.5,428930000
9/14/22,31135.08984,31276.82031,30885.01953,31141.01953,348670000
9/15/22,30961.82031,31277.68945,30882.08008,31124.67969,345500000
9/16/22,30822.41992,30866.60938,30550.08008,30866.60938,627920000
9/19/22,31019.67969,31026.89063,30559.36914,30722.85938,291200000
9/20/22,30706.23047,30888.5293,30465.91016,30888.5293,317970000
9/21/22,30183.7793,31020.78906,30181.99023,30819.39063,354960000
9/22/22,30076.67969,30302.2793,29994.5293,30204.51953,335270000
9/23/22,29590.41016,29955.65039,29250.4707,29955.65039,388200000
9/26/22,29260.81055,29630.76953,29161.11914,29536.83984,369450000
9/27/22,29134.99023,29659.11914,28958.2207,29419.88086,355460000
9/28/22,29683.74023,29811.7793,29114.9707,29198.91992,436040000
9/29/22,29225.60938,29513.73047,28997.33984,29513.73047,388820000
9/30/22,28725.50977,29355.7793,28715.84961,29123.0293,464260000
10/3/22,29490.89063,29647.78906,28855.25,28855.25,397830000
10/4/22,30316.32031,30325.05078,29826.66992,29826.66992,375640000
10/5/22,30273.86914,30454.46094,29886.43945,30078.35938,290610000
10/6/22,29926.93945,30329.60938,29859.33984,30206.13086,306840000
10/7/22,29296.78906,29685.26953,29142.66016,29685.26953,367950000
10/10/22,29202.88086,29485.82031,29010.41016,29419.08984,315410000
10/11/22,29239.18945,29608.41992,29074.23047,29085.19922,352920000
10/12/22,29210.84961,29455.11914,29136.0293,29233.06055,304420000
10/13/22,30038.7207,30168.53906,28660.93945,28755.83008,470260000
10/14/22,29634.83008,30428.82031,29614.30078,30192.21094,379090000
10/17/22,30185.82031,30311.94922,29997.61914,30059.58008,369820000
10/18/22,30523.80078,30837.90039,30301.83008,30697.51953,387130000
10/19/22,30423.81055,30662.10938,30226.90039,30439.03906,314030000
10/20/22,30333.58984,30822.96094,30265.19922,30411.91992,333190000
10/21/22,31082.56055,31119.26953,30206.2793,30291.17969,418190000
10/24/22,31499.61914,31603.63086,31161.41016,31187.32031,345040000
10/25/22,31836.74023,31876.15039,31423.5293,31463.65039,336930000
10/26/22,31839.10938,32172.41992,31738.43945,31738.43945,430400000
10/27/22,32033.2793,32388.41992,31993.21094,32062.14063,375720000
10/28/22,32861.80078,32889.80859,32158.38086,32204.31055,495830000
10/31/22,32732.94922,32883.85938,32586.92969,32754.26953,390890000
11/1/22,32653.19922,32975.48047,32485.23047,32862.78906,323210000
11/2/22,32147.75977,33071.92969,32139.76953,32576.2793,398430000
11/3/22,32001.25,32185.71094,31727.05078,31985.05078,354440000
11/4/22,32403.2207,32611.51953,31938.91992,32265.00977,422370000
11/7/22,32827,32895.58984,32424.99023,32454.09961,336300000
11/8/22,33160.82813,33355.39063,32831.46094,32934.55859,335340000
11/9/22,32513.93945,33065.10938,32478.86914,33004.46875,355200000
11/10/22,33715.37109,33727.73047,33167.82031,33263.91016,480130000
11/11/22,33747.85938,33817.96094,33394.42969,33797.75,427790000
11/14/22,33536.69922,33964.30078,33533.96094,33662.05078,354340000
11/15/22,33592.92188,33987.05859,33320.19922,33755.94141,390610000
11/16/22,33553.82813,33682.82813,33516.98828,33554.92969,301560000
11/17/22,33546.32031,33616.01953,33239.75,33329.26953,319210000
11/18/22,33745.69141,33827.94141,33540.64063,33606.58984,312950000
11/21/22,33700.28125,33864.58984,33559.17969,33760.30078,352960000
11/22/22,34098.10156,34115.69922,33810.05078,33810.05078,277070000
11/23/22,34194.05859,34262.07031,34004.64063,34091.57031,236820000
11/25/22,34347.03125,34386.51172,34199.57031,34213.03906,131660000
11/28/22,33849.46094,34303.87891,33799.35156,34275.91016,300330000
11/29/22,33852.53125,33933.91016,33662.44922,33847.80078,279750000
11/30/22,34589.76953,34589.76953,33583.76953,33795.42969,524440000
12/1/22,34395.01172,34595.51172,34129.35156,34533.58984,348720000
12/2/22,34429.87891,34483.21094,34039.73047,34265.44922,290580000
12/5/22,33947.10156,34335.73047,33846.80859,34335.73047,312960000
12/6/22,33596.33984,34006.62891,33418.58984,33936.87109,306220000
12/7/22,33597.92188,33774.26953,33503.67188,33556.39844,359980000
12/8/22,33781.48047,33899.17188,33642.46094,33695.96875,271830000
12/9/22,33476.46094,33844.62891,33462.64844,33746.71094,287630000
12/12/22,34005.03906,34005.03906,33519.5,33519.5,313440000
12/13/22,34108.64063,34712.28125,33890.87891,34268.44141,442650000
12/14/22,33966.35156,34395.64844,33704.17188,34086.07031,339090000
12/15/22,33202.21875,33773,33016.16016,33773,394290000
12/16/22,32920.46094,33166.46094,32654.58984,33166.46094,756310000
12/19/22,32757.53906,33038.94141,32581.9707,32921.44922,326430000
12/20/22,32849.73828,32992.23047,32649.44922,32735.24023,303970000
12/21/22,33376.48047,33437.83984,33028.08984,33028.08984,328020000
12/22/22,33027.48828,33233.35156,32573.42969,33233.35156,340640000
12/23/22,33203.92969,33226.14063,32814.01953,32961.05859,221050000
12/27/22,33241.55859,33387.71875,33069.57813,33224.23047,246010000
12/28/22,32875.71094,33379.55078,32869.14844,33264.76172,252260000
12/29/22,33220.80078,33293.42188,33020.35156,33021.42969,243060000
12/30/22,33147.25,33152.55078,32847.82031,33121.60938,295500000
1/3/23,33136.37109,33387.51953,32850.57031,33148.89844,355930000
1/4/23,33269.76953,33409.10156,33033.48047,33165.14063,379400000
1/5/23,32930.07813,33191.71875,32812.32813,33191.71875,337920000
1/6/23,33630.60938,33710.66016,32997.39063,33055.30078,360740000
1/9/23,33517.64844,33935.10938,33487.66016,33664.39063,327840000
1/10/23,33704.10156,33726.53906,33421.80078,33516.42969,268260000
1/11/23,33973.01172,33974.69141,33711.03906,33754.03125,301650000
1/12/23,34189.96875,34292.67188,33792.10156,34047.85938,308190000
1/13/23,34302.60938,34342.32031,33915.48828,34075.30859,274110000
1/17/23,33910.85156,34269.96875,33860.67188,34222.32031,353050000
1/18/23,33296.96094,34016.53125,33269.89844,33948.48828,351670000
1/19/23,33044.55859,33227.48828,32982.05078,33171.35156,319770000
1/20/23,33375.48828,33381.94922,32948.92969,33073.46094,367330000
1/23/23,33629.55859,33782.87891,33316.25,33439.55859,355220000
1/24/23,33733.96094,33782.92188,33310.55859,33444.71875,299310000
1/25/23,33743.83984,33773.08984,33273.21094,33538.35938,341720000
1/26/23,33949.41016,33953.78906,33635.60156,33771.66016,327000000
1/27/23,33978.07813,34164.32813,33830.85156,33952.92969,441260000
1/30/23,33717.08984,34055.28906,33695.17969,33909.21094,343920000
1/31/23,34086.03906,34095.23047,33664.91016,33803.55859,360240000
2/1/23,34092.96094,34334.69922,33581.42188,34039.60156,370120000
2/2/23,34053.94141,34145.14063,33814.78125,34129.30078,429910000
2/3/23,33926.01172,34179.57813,33813.85938,33926.30078,425150000
2/6/23,33891.01953,33962.83984,33683.57813,33874.44141,296400000
2/7/23,34156.69141,34240,33634.10156,33769.78125,361620000
2/8/23,33949.01172,34161.64844,33899.78906,34132.89844,324090000
2/9/23,33699.87891,34252.57031,33607.12891,34105.60938,347520000
2/10/23,33869.26953,33897.30859,33591.98828,33671.53906,288150000
2/13/23,34245.92969,34249.60156,33887.39063,33887.39063,302600000
2/14/23,34089.26953,34331.46875,33827.44922,34194.08984,288820000
2/15/23,34128.05078,34130.48828,33833.10156,34008.62891,267530000
2/16/23,33696.85156,34041.16016,33686.58984,33992.08984,317530000
2/17/23,33826.69141,33846.64063,33517.73047,33677.01172,302900000
2/21/23,33129.58984,33699.69141,33115.73828,33699.69141,348320000
2/22/23,33045.08984,33245.96875,32948.26953,33169.32813,321910000
2/23/23,33153.91016,33272.39844,32795.67188,33175.39063,288120000
2/24/23,32816.92188,32999.19141,32643.48047,32999.19141,277120000
2/27/23,32889.08984,33189.28125,32814.17969,32906.16016,243660000
2/28/23,32656.69922,32873.46875,32636.42969,32873.46875,303760000
3/1/23,32661.83984,32746.15039,32500.71094,32656.36914,292810000
3/2/23,33003.57031,33083.44922,32665.84961,32780.96875,317450000
3/3/23,33390.96875,33405.82031,33008.41016,33076.32813,300050000
3/6/23,33431.44141,33572.21875,33383.46875,33425.32031,329190000
3/7/23,32856.46094,33453.25,32838.21094,33428.30859,299400000
3/8/23,32798.39844,32903.44141,32612.69922,32872.07813,242750000
3/9/23,32254.85938,32990.46094,32190.59961,32876.82813,315860000
3/10/23,31909.64063,32422.09961,31783.41016,32185.14063,397790000
3/13/23,31819.14063,32240.34961,31624.86914,31819.92969,429090000
3/14/23,32155.40039,32306.58984,31805.40039,32055.28906,391760000
3/15/23,31874.57031,31906.4707,31429.82031,31759.86914,420910000
3/16/23,32246.55078,32281.60938,31571.46094,31827.65039,440940000
3/17/23,31861.98047,32217.32031,31728.69922,32217.32031,712100000
3/20/23,32244.58008,32280.07031,31872.33008,31872.33008,357210000
3/21/23,32560.59961,32593.67969,32346.11914,32420.71094,363190000
3/22/23,32030.10938,32761.89063,32020.46094,32570.18945,325990000
3/23/23,32105.25,32511.49023,31864.74023,32101.49023,335430000
3/24/23,32237.5293,32257.24023,31805.17969,32038.2207,317070000
3/27/23,32432.08008,32564,32276.7207,32276.7207,291560000
3/28/23,32394.25,32551.00977,32295.5,32434.84961,248560000
3/29/23,32717.59961,32728.03906,32539.93945,32566.53906,314110000
3/30/23,32859.03125,32905.80078,32682.86914,32807.42969,283380000
3/31/23,33274.14844,33291,32901.96094,32901.96094,353740000
4/3/23,33601.14844,33632.89844,33245.78125,33245.78125,311890000
4/4/23,33402.37891,33634.71875,33275.62109,33594.78906,283360000
4/5/23,33482.71875,33543.83984,33376.26953,33394.60156,286660000
4/6/23,33485.28906,33525.96094,33325.37109,33420.96094,258680000
4/10/23,33586.51953,33590.23828,33343.42969,33425.25,232920000
4/11/23,33684.78906,33781.28906,33586.75,33586.75,241430000
4/12/23,33646.5,33895.42969,33593.32031,33764.21094,260300000
4/13/23,34029.69141,34054.98828,33605.17188,33668.96875,277230000
4/14/23,33886.46875,34082.94141,33730.85156,33981.71094,276720000
4/17/23,33987.17969,33991.23047,33796.91016,33930.46094,234530000
4/18/23,33976.62891,34018.62109,33791.89063,33965.16016,253570000
4/19/23,33897.01172,33957.98047,33814.64844,33889.82813,251490000
4/20/23,33786.62109,33875.39063,33677.73828,33740.60156,307910000
4/21/23,33808.96094,33858.82813,33688.57031,33793.60156,291080000
4/24/23,33875.39844,33891.14844,33726.08984,33805.03906,252020000
4/25/23,33530.82813,33875.48828,33525.39063,33828.33984,297880000
4/26/23,33301.87109,33645.82813,33235.85156,33596.33984,321170000
4/27/23,33826.16016,33859.75,33374.64844,33381.66016,343240000
4/28/23,34098.16016,34104.55859,33728.39844,33797.42969,354310000
5/1/23,34051.69922,34257.82813,34030.14063,34116.80859,244190000
5/2/23,33684.53125,34017.75,33436.66016,34017.62109,274460000
5/3/23,33414.23828,33811.83984,33396.05078,33726.64063,286900000
5/4/23,33127.73828,33354.85938,32937.5,33347.78125,305160000
5/5/23,33674.37891,33748.42969,33248.55078,33248.55078,316350000
5/8/23,33618.69141,33747.48828,33509.23047,33715.14844,225680000
5/9/23,33561.80859,33656.39844,33509.71875,33589.85156,232940000
5/10/23,33531.32813,33772.08984,33239.44922,33707.19922,271180000
5/11/23,33309.51172,33389.87891,33127.69922,33383.89063,298000000
5/12/23,33300.62109,33406.39844,33110.60938,33370.57813,227570000
5/15/23,33348.60156,33400.30078,33161.92969,33321.21094,224020000
5/16/23,33012.14063,33290.85156,33006.19141,33275.37109,246680000
5/17/23,33420.76953,33472.37891,33050.41016,33092.48047,307130000
5/18/23,33535.91016,33579.91016,33212.08984,33374.55859,333070000
5/19/23,33426.62891,33652.89844,33336.66016,33582.94922,315210000
5/22/23,33286.57813,33512.30078,33207.85156,33408.53906,268900000
5/23/23,33055.51172,33310.17188,33013.28906,33190.60156,291550000
5/24/23,32799.92188,33031.75,32752.43945,33021.76172,246180000
5/25/23,32764.65039,32870.42969,32586.56055,32854.26172,364670000
5/26/23,33093.33984,33162.05859,32795.5,32795.5,330290000
5/30/23,33042.78125,33132.69922,32893.96875,33103.64844,322700000
5/31/23,32908.26953,32984.82813,32739.73047,32948.71094,689990000
6/1/23,33061.57031,33167.75,32704.50977,32929.85156,349460000
6/2/23,33762.76172,33805,33187.57813,33187.57813,383590000
6/5/23,33562.85938,33804.21875,33552.78906,33771.12891,367170000
6/6/23,33573.28125,33631.25,33399.69141,33547.67188,294070000
6/7/23,33665.01953,33708.78125,33546.10938,33562.46875,347400000
6/8/23,33833.60938,33873.80859,33630.03906,33656.98047,269160000
6/9/23,33876.78125,33975.32031,33787.16016,33852.44141,262310000
6/12/23,34066.32813,34077.83984,33878.46094,33906.80078,308130000
6/13/23,34212.12109,34310.28125,34107.98047,34111.07813,308790000
6/14/23,33979.32813,34151.42188,33783.55078,34044.69922,354910000
6/15/23,34408.05859,34488.98047,33945.98047,33945.98047,361400000
6/16/23,34299.12109,34588.67969,34285.69141,34464.01953,595230000
6/20/23,34053.87109,34206.66016,33915.92969,34206.66016,334810000
6/21/23,33951.51953,34097.92969,33876.17188,33990.55859,323690000
6/22/23,33946.71094,34003.55859,33835.39063,33900.46875,275600000
6/23/23,33727.42969,33835.66016,33646.48828,33835.66016,379800000
6/26/23,33714.71094,33819.48828,33610.32031,33730.78906,265330000
6/27/23,33926.73828,33975.64844,33730.39063,33739.03125,293210000
6/28/23,33852.66016,33903.76172,33755.92188,33881.37891,268050000
6/29/23,34122.42188,34147.67969,33828.62891,33854.57031,279940000
6/30/23,34407.60156,34467.35156,34269.92188,34269.92188,351060000
7/3/23,34418.46875,34465.60156,34286.53906,34369.78125,157590000
7/5/23,34288.64063,34376.10938,34226.98047,34344.71875,274570000
7/6/23,33922.26172,34171.39063,33771.46875,34171.39063,293840000
7/7/23,33734.87891,34036.37891,33716.75,33837.07031,272730000
7/10/23,33944.39844,33958.35938,33705.67969,33705.67969,299200000
7/11/23,34261.42188,34288.87109,33993.01172,34056.94141,278940000
7/12/23,34347.42969,34586.94141,34308.78125,34395.28125,331410000
7/13/23,34395.14063,34482.26172,34365.32813,34412.30859,267180000
7/14/23,34509.03125,34592.26172,34425.32813,34425.32813,293540000
7/17/23,34585.35156,34665.14844,34418.71875,34499.73828,359780000
7/18/23,34951.92969,34986.35938,34530.60938,34597.07813,385940000
7/19/23,35061.21094,35234.05078,34991.21094,34991.21094,365130000
7/20/23,35225.17969,35372.76953,35091.98047,35091.98047,340880000
7/21/23,35227.69141,35340.66016,35186.05078,35274.32031,465270000
7/24/23,35411.23828,35463.96875,35230.78906,35230.78906,284460000
7/25/23,35438.07031,35527.57031,35365.26172,35421.48828,299530000
7/26/23,35520.12109,35633.60938,35306.26953,35345.98828,346240000
7/27/23,35282.71875,35645.35156,35216.57813,35558.78906,352230000
7/28/23,35459.28906,35565.51172,35355.14844,35443.48828,369000000
7/31/23,35559.53125,35566.94922,35430.21875,35465.96875,327410000
8/1/23,35630.67969,35679.12891,35526.60938,35585.98828,259490000
8/2/23,35282.51953,35551.92188,35226.26172,35551.92188,298570000
8/3/23,35215.89063,35348.19922,35122.32031,35194.55859,254960000
8/4/23,35065.62109,35506.87891,35033.76172,35230.12891,338290000
8/7/23,35473.12891,35497.37891,35125.60156,35125.60156,300150000
8/8/23,35314.48828,35346.64063,35007.41016,35345.39844,303840000
8/9/23,35123.35938,35370.89063,35058.73047,35324.28125,306680000
8/10/23,35176.14844,35578.57813,35107.60156,35231.53906,337110000
8/11/23,35281.39844,35354.60156,35059.98828,35111.35938,277840000
8/14/23,35307.62891,35335.44922,35169.96875,35273.89063,300250000
8/15/23,34946.39063,35219.37109,34908.5,35219.37109,323920000
8/16/23,34765.73828,35133.55859,34757.37109,34914.96094,332310000
8/17/23,34474.82813,34888.48047,34440.73047,34829.60938,392850000
8/18/23,34500.66016,34587.07031,34263.19141,34368.35938,320680000
8/21/23,34463.69141,34570.96094,34248.46094,34531.28125,396490000
8/22/23,34288.82813,34514.03906,34256.83984,34494.17188,279200000
8/23/23,34472.98047,34534.71875,34321,34338.58984,360610000
8/24/23,34099.42188,34694.67969,34093.64844,34439.82813,342520000
8/25/23,34346.89844,34441.91016,34029.21875,34217.05859,257440000
8/28/23,34559.98047,34652.91016,34441.64063,34441.64063,224640000
8/29/23,34852.67188,34864.42188,34531.12109,34531.12109,262550000
8/30/23,34890.23828,35025.57031,34811.73828,34847.80078,236070000
8/31/23,34721.91016,35070.21094,34719.76953,34909.08984,341900000
9/1/23,34837.71094,34979.17969,34720.69922,34876.23828,286370000
9/5/23,34641.96875,34871.26172,34635.62891,34843.21875,283540000
9/6/23,34443.19141,34611.67969,34291.55859,34611.67969,308900000
9/7/23,34500.73047,34560.85938,34351.17969,34351.17969,386980000
9/8/23,34576.58984,34627.85156,34473.57031,34487.41016,293990000
9/11/23,34663.71875,34784.51953,34578.58984,34650.01172,291720000
9/12/23,34645.98828,34852.60938,34560.55078,34620.01953,318670000
9/13/23,34575.53125,34767.10938,34509.94922,34667.28125,295480000
9/14/23,34907.10938,34977.96875,34687.5,34687.5,305180000
9/15/23,34618.23828,34902.03906,34572.26953,34902.03906,582160000
9/18/23,34624.30078,34725.05859,34545.35156,34612.28906,252700000
9/19/23,34517.73047,34597.55859,34311.69141,34571.83984,282830000
9/20/23,34440.87891,34776.28125,34434.28906,34575.5,291650000
9/21/23,34070.42188,34378.30078,34058.71875,34332.23047,331930000
9/22/23,33963.83984,34156.14844,33947.23828,34077.07813,268760000
9/25/23,34006.87891,34017.53125,33780.67188,33907.58984,229450000
9/26/23,33618.87891,33879.92969,33569.60156,33862.67969,280100000
9/27/23,33550.26953,33731.64844,33306.30078,33682.80859,300330000
9/28/23,33666.33984,33777.89844,33473.5,33519.44141,275610000
9/29/23,33507.5,33893.67969,33407.44922,33882.60938,319830000
10/2/23,33433.35156,33511.91016,33219.55859,33455.5,275630000
10/3/23,33002.37891,33398.53906,32916.19922,33318.83984,293450000
10/4/23,33129.55078,33156.44922,32873.23047,33034.17969,287030000
10/5/23,33119.57031,33174.37891,32941.55859,33099.23047,277250000
10/6/23,33407.57813,33557.69141,32846.94141,33040.69922,332990000
10/9/23,33604.64844,33631.80859,33253.69141,33259.83984,228760000
10/10/23,33739.30078,33898.21875,33604.32031,33683.41016,255640000
10/11/23,33804.87109,33882.55078,33612.25,33822.19922,256560000
10/12/23,33631.14063,33863.80078,33455.60156,33845.64844,289160000
10/13/23,33670.28906,33957.71875,33551.57813,33733.33984,306340000
10/16/23,33984.53906,34088.98047,33832.42188,33832.42188,270060000
10/17/23,33997.64844,34147.62891,33854.69922,33869.83984,281010000
10/18/23,33665.07813,33991.51172,33598.64063,33960.25,285410000
10/19/23,33414.17188,33852.39063,33368.57813,33669.51953,304320000
10/20/23,33127.28125,33425.76953,33118.12109,33365.26953,325530000
10/23/23,32936.41016,33234.85156,32892.19141,32993.01953,342500000
10/24/23,33141.37891,33272.19141,32988.42969,33089.64063,359230000
10/25/23,33035.92969,33267.91016,32989.71875,33203.53125,355690000
10/26/23,32784.30078,33105.03125,32743.99023,33017.17188,379880000
10/27/23,32417.58984,32787.55859,32327.19922,32782.39844,376970000
10/30/23,32928.96094,33002.96875,32537.53906,32537.53906,298640000
10/31/23,33052.87109,33070.28125,32787.12109,33029.10938,306950000
11/1/23,33274.57813,33337.14844,33010.85156,33081.87109,307570000
11/2/23,33839.07813,33852.96094,33450.03125,33457.82031,304350000
11/3/23,34061.32031,34163.62891,33946.60156,33988.82813,311000000
11/6/23,34095.85938,34167.26172,33989.71875,34092.60938,265570000
11/7/23,34152.60156,34206.98047,34026.71875,34075.64844,281790000
11/8/23,34112.26953,34252.75,33996.19922,34185.92188,280330000
11/9/23,33891.94141,34167.53906,33859.76953,34163.71094,325400000
11/10/23,34283.10156,34310.35938,33905.62109,34020.82031,302460000
11/13/23,34337.87109,34405.83984,34205.80859,34259.25,245090000
11/14/23,34827.69922,34931.01172,34581.19922,34581.19922,328050000
11/15/23,34991.21094,35051.10156,34868.48047,34906.71875,347790000
11/16/23,34945.46875,35022.46094,34818.03125,34868.03125,435540000
11/17/23,34947.28125,35028.21875,34882.82031,34964.82031,334820000
11/20/23,35151.03906,35227.48047,34907.98047,34932.48828,331050000
11/21/23,35088.28906,35118.03906,35038.44141,35104.83984,271120000
11/22/23,35273.03125,35315.19922,35155.80078,35189.32813,237290000
11/24/23,35390.14844,35399.44141,35299.89844,35299.89844,117040000
11/27/23,35333.46875,35410.37109,35280.57031,35376.44141,258340000
11/28/23,35416.98047,35518.67188,35307.73047,35332.12891,256210000
11/29/23,35430.42188,35579.12891,35405.89063,35436.80078,299330000
11/30/23,35950.89063,35970.69922,35592.21875,35596.57031,435540000
12/1/23,36245.5,36264.85156,35914.44922,35914.44922,321840000
12/4/23,36204.44141,36238.17969,36029.69141,36089.37891,329450000
12/5/23,36124.55859,36164.67969,36010.85156,36135.64844,309250000
12/6/23,36054.42969,36292.57813,36024.25,36183.73047,283240000
12/7/23,36117.37891,36164.17188,36021.94922,36124.17188,287280000
12/8/23,36247.87109,36296.19922,36061.64063,36084.82031,295180000
12/11/23,36404.92969,36416.17969,36231.19141,36254.32813,342490000
12/12/23,36577.94141,36596.10938,36373.21875,36442.10156,292770000
12/13/23,37090.23828,37094.85156,36523.58984,36601.80078,354790000
12/14/23,37248.35156,37287.5,37051.51953,37115.62891,455820000
12/15/23,37305.16016,37347.60156,37092.01953,37194.5,788160000
12/18/23,37306.01953,37393.44922,37284.85156,37330.14063,292120000
12/19/23,37557.92188,37562.82813,37311.82031,37311.82031,272740000
12/20/23,37082,37641.30078,37073.03906,37520.12891,303450000
12/21/23,37404.35156,37418.76172,37127.05078,37225.32031,253120000
12/22/23,37385.96875,37534.51953,37268.87891,37349.26953,252970000
12/26/23,37545.32813,37617.98828,37371.82813,37405.89844,212420000
12/27/23,37656.51953,37683.69922,37488.60156,37518.62109,245530000
12/28/23,37710.10156,37778.85156,37650.98047,37661.51953,199550000
12/29/23,37689.53906,37759.42969,37538.80078,37701.62891,234570000
1/2/24,37715.03906,37790.07813,37495.91016,37566.21875,350280000
1/3/24,37430.19141,37629.23047,37401.85156,37629.23047,322010000
1/4/24,37440.33984,37716.41016,37425.28125,37425.28125,380220000
1/5/24,37466.10938,37623.62109,37323.82031,37455.46094,299480000
1/8/24,37683.01172,37692.92188,37249.23828,37327.37109,362200000
1/9/24,37525.16016,37552.37891,37373.30078,37523.55078,289860000
1/10/24,37695.73047,37740.76953,37524.39844,37552.91016,279540000
1/11/24,37711.01953,37801.89844,37424.28125,37747.14063,299540000
1/12/24,37592.98047,37825.26953,37470.19141,37818.05078,279250000
1/16/24,37361.12109,37543.17969,37201.39063,37493.53906,378280000
1/17/24,37266.67188,37371.66016,37132.89063,37281.85938,290880000
1/18/24,37468.60938,37522.28906,37122.94922,37300.80859,340620000
1/19/24,37863.80078,37933.73047,37451.71094,37572.5,377650000
1/22/24,38001.80859,38109.19922,37911.60938,37919.55078,339560000
1/23/24,37905.44922,37980.73047,37804.98828,37959.78906,334110000
1/24/24,37806.39063,38064.21875,37795.71094,37975.37109,336090000
1/25/24,38049.12891,38057.53125,37796.46875,37862.57031,402970000
1/26/24,38109.42969,38215.30859,37997.76953,38006.67969,387000000
1/29/24,38333.44922,38343.92969,38061.17188,38115.82813,312480000
1/30/24,38467.30859,38497.39063,38257.80078,38298.23047,326640000
1/31/24,38150.30078,38588.85938,38139.66016,38426.78125,453250000
2/1/24,38519.83984,38522.5,38106.83984,38175.33984,321830000
2/2/24,38654.42188,38783.62109,38336.57031,38448.10156,379760000
2/5/24,38380.12109,38633.87891,38220.39844,38546.76953,322290000
2/6/24,38521.35938,38545.28125,38350.46094,38392.89844,276140000
2/7/24,38677.35938,38748.10938,38571.01172,38613.89063,302210000
2/8/24,38726.32813,38755.67969,38544.35938,38702.10938,315510000
2/9/24,38671.69141,38734.28125,38567.89844,38731.96875,299970000
2/12/24,38797.37891,38927.07813,38628.92188,38656.76172,273020000
2/13/24,38272.75,38699.17188,38039.85938,38699.17188,318390000
2/14/24,38424.26953,38442.55859,38194.62109,38372.67188,274610000
2/15/24,38773.12109,38781.89063,38397.94141,38397.94141,303840000
2/16/24,38627.98828,38825.03125,38583.23828,38751.71094,282210000
2/20/24,38563.80078,38663.08984,38460.19922,38576.26172,335990000
2/21/24,38612.23828,38618.03125,38338.57813,38483.66016,279510000
2/22/24,39069.10938,39149.60938,38802.07031,38845.19141,324630000
2/23/24,39131.53125,39282.28125,39094.35938,39127.96875,286910000
2/26/24,39069.23047,39245.89063,39025.80078,39144.78906,296930000
2/27/24,38972.41016,39087.89844,38881.89844,39087.89844,272860000
2/28/24,38949.01953,38956.46094,38741.67969,38938.07813,272560000
2/29/24,38996.39063,39074.12891,38809.28125,39013.75,519690000
3/1/24,39087.37891,39120.35938,38850.5,38989.51172,331030000
3/4/24,38989.82813,39087.85938,38913.30078,38968.76953,386290000
3/5/24,38585.19141,38906.98047,38457.82813,38906.98047,393750000
3/6/24,38661.05078,38858.12891,38570.80078,38721.14844,347900000
3/7/24,38791.35156,38910.35156,38730.12891,38784.30078,335580000
3/8/24,38722.69141,38971.14844,38705.03125,38776.80078,342030000
3/11/24,38769.66016,38794.76172,38483.25,38667.21094,300190000
3/12/24,39005.48828,39071.55859,38711.39063,38883.32031,329090000
3/13/24,39043.32031,39201.94141,38937.92188,39054.57813,330930000
3/14/24,38905.66016,39160.25,38704.35938,39122.39063,375810000
3/15/24,38714.76953,38928.12891,38618.19922,38809.64844,774360000
3/18/24,38790.42969,38898.41016,38760.78906,38826.92969,327950000
3/19/24,39110.76172,39122.71094,38761.28125,38819.60938,310610000
3/20/24,39512.12891,39529.12891,38988.64844,39072.05078,350050000
3/21/24,39781.37109,39889.05078,39589.23047,39661.03125,408990000
3/22/24,39475.89844,39824.76172,39469.53125,39774.05859,332340000
3/25/24,39313.64063,39430.17188,39296.03125,39410.53906,323670000
3/26/24,39282.32813,39439.44141,39277.19141,39338.32031,306940000
3/27/24,39760.07813,39769.41016,39461.98047,39461.98047,332190000
3/28/24,39807.37109,39868.58984,39717.25,39763.73828,360970000
4/1/24,39566.85156,39815,39491.21875,39807.92969,269470000
4/2/24,39170.23828,39256.26953,39051.69922,39256.26953,319590000
4/3/24,39127.14063,39305.76172,39017.12891,39139.58984,364180000
4/4/24,38596.98047,39421.35156,38559.42188,39343.60156,356510000
4/5/24,38904.03906,39040.17188,38602.17969,38664.98047,317110000
4/8/24,38892.80078,39013.19922,38857.69922,38916.42188,291460000
4/9/24,38883.67188,38992.89063,38572.08984,38983.66016,328700000
4/10/24,38461.51172,38662.28125,38304.66016,38662.28125,317580000
4/11/24,38459.07813,38598.98047,38197.28125,38523.26172,356640000
4/12/24,37983.23828,38319.14063,37877.30078,38319.14063,440910000
4/15/24,37735.10938,38386.80859,37657.78906,38075.37891,389170000
4/16/24,37798.96875,37992.21875,37713.69922,37992.21875,339480000
4/17/24,37753.30859,38036.69922,37611.55859,37949.67188,314650000
4/18/24,37775.37891,38083.76172,37681.51953,37847.21094,300230000
4/19/24,37986.39844,38102.57031,37781.60938,37801.98047,420460000
4/22/24,38239.98047,38447.16016,37985.07031,38116.89063,351650000
4/23/24,38503.69141,38561.5,38297.71875,38356.07031,329420000
4/24/24,38460.92188,38552.78906,38310.55078,38552.78906,337230000
4/25/24,38085.80078,38157.21875,37754.37891,38052.08984,408170000
4/26/24,38239.66016,38337.64063,38065.05078,38114.69922,398680000
4/29/24,38386.08984,38406.19922,38215.46875,38282.16016,343630000
4/30/24,37815.92188,38337.39844,37810.12109,38337.39844,448480000
5/1/24,37903.28906,38349.19922,37780.53906,37845.55859,413540000
5/2/24,38225.66016,38295.28906,37895.66016,38075.64844,355910000
5/3/24,38675.67969,38808.51953,38518.28125,38709.35938,410530000
5/6/24,38852.26953,38886.46875,38689.37891,38762.42969,315550000
5/7/24,38884.26172,38977.60938,38840.39844,38858.94141,360930000
5/8/24,39056.39063,39094.73828,38814.98828,38818.89844,292340000
5/9/24,39387.76172,39413.66016,38988.85156,39064.26953,303270000
5/10/24,39512.83984,39579.87891,39406.26172,39466.51953,289480000
5/13/24,39431.51172,39647.39063,39403.05078,39591.28125,323370000
5/14/24,39558.10938,39616.41016,39371.92188,39466.76172,320860000
5/15/24,39908,39935.03906,39615.10156,39615.10156,411190000
5/16/24,39869.37891,40051.05078,39864.67969,39912.33984,400560000
5/17/24,40003.58984,40010.87891,39858.85938,39911.71875,300260000
5/20/24,39806.76953,40077.39844,39787.08984,39989.76172,272420000
5/21/24,39872.98828,39905.80078,39778.73047,39804.39844,314120000
5/22/24,39671.03906,39890.91016,39559.08984,39863.32813,258430000
5/23/24,39065.26172,39694.94922,39025.51172,39694.94922,335640000
5/24/24,39069.58984,39220.30859,39020.28906,39089.23047,249810000
5/28/24,38852.85938,39028.98828,38706.14063,39028.98828,303340000
5/29/24,38441.53906,38716.28125,38413.67188,38716.28125,292280000
5/30/24,38111.48047,38493.60156,38000.96094,38368.35156,360090000
5/31/24,38686.32031,38719.42969,38092.26953,38140.26172,618200000
6/3/24,38571.03125,38735.60938,38247.21875,38709.98828,314010000
6/4/24,38711.28906,38786.62109,38397.82031,38518.85938,304450000
6/5/24,38807.32813,38844.32031,38548.76953,38774.82031,310970000
6/6/24,38886.17188,39004.16016,38735.98828,38825.39844,269000000
6/7/24,38798.98828,39105.23047,38751.85156,38861.23828,265850000
6/10/24,38868.03906,38877.85938,38665.44922,38784.89844,330580000
6/11/24,38747.42188,38795.71094,38446.23828,38795.71094,383090000
6/12/24,38712.21094,39120.26172,38621.44922,38950.64844,472280000
6/13/24,38647.10156,38712.21094,38407.69922,38677.12109,341330000
6/14/24,38589.16016,38595.23828,38305.85156,38528.39063,272200000
6/17/24,38778.10156,38839.87891,38431.94922,38565.17969,346190000
6/18/24,38834.85938,38936.92969,38727.67188,38779.12109,324260000
6/20/24,39134.76172,39232.5,38778.46094,38804.73047,397010000
6/21/24,39150.32813,39257.17969,39061.67188,39208.51172,818670000
6/24/24,39411.21094,39571.23047,39184.48828,39184.48828,373940000
6/25/24,39112.16016,39423.26172,38997.23047,39398.78906,339010000
6/26/24,39127.80078,39183.73828,38908.98828,39063.14844,333100000
6/27/24,39164.05859,39250.69141,39026.75,39107.10156,338010000
6/28/24,39118.85938,39443.60156,38937.14844,39092.39063,679630000
7/1/24,39169.51953,39438.35938,39037.94141,39186.19922,346210000
7/2/24,39331.85156,39340.48828,39085.69141,39108.25,317380000
7/3/24,39308,39411.17188,39230.85938,39358.94922,202070000
7/5/24,39375.87109,39399.62109,39168.69922,39313.39844,325230000
7/8/24,39344.78906,39654.96094,39278.42969,39391.98047,358320000
7/9/24,39291.96875,39492.28125,39146.60156,39357.37109,361410000
7/10/24,39721.35938,39736.19922,39256.71875,39272.44922,334180000
7/11/24,39753.75,39875.60156,39623.12109,39695.17969,361530000
7/12/24,40000.89844,40257.23828,39783.28125,39783.28125,325780000
7/15/24,40211.71875,40351.10156,40136.10156,40138.39844,308880000
7/16/24,40954.48047,40988.80859,40263.78125,40263.78125,306390000
7/17/24,41198.07813,41221.98047,40849.71094,40862.57031,433450000
7/18/24,40665.01953,41376,40597.5,41156.55859,393450000
7/19/24,40287.53125,40626.16016,40203.26953,40592.35156,348530000
7/22/24,40415.44141,40472.53125,40222.76953,40414.48828,351670000
7/23/24,40358.08984,40527.89063,40319.69922,40443.73047,287390000
7/24/24,39853.87109,40258.44141,39807.44922,40210.62891,394210000
7/25/24,39935.07031,40438.82031,39817.5,39828.62891,375790000
7/26/24,40589.33984,40753.82813,40140.85938,40140.85938,332070000
7/29/24,40539.92969,40682.48828,40388.82813,40665.71094,272200000
7/30/24,40743.32813,40866.25,40529.10156,40622.12891,350910000
7/31/24,40842.78906,41198.62891,40655.89063,40768.87891,420090000
8/1/24,40347.96875,41096.66016,40098.57031,40916.96094,472030000
8/2/24,39737.26172,40075.32813,39358.67969,40075.32813,827820000
8/5/24,38703.26953,39056.19141,38499.26953,39056.19141,661280000
8/6/24,38997.66016,39449.53125,38638.30078,38736.21875,462650000
8/7/24,38763.44922,39477.96094,38731.51172,39230.08984,428250000
8/8/24,39446.48828,39508.39844,38922.78906,38940.37891,376440000
8/9/24,39497.53906,39628.66016,39230.42969,39408.05859,316320000
8/12/24,39357.01172,39587.05859,39251.71875,39556.01172,312380000
8/13/24,39765.64063,39792.80078,39392.41016,39445.26953,365560000
8/14/24,40008.39063,40068.75,39737.19922,39800.58984,317800000
8/15/24,40563.05859,40590.51172,40295.73828,40295.73828,446850000
8/16/24,40659.76172,40726.03125,40453.57813,40528.85938,323210000
8/19/24,40896.53125,40907.32031,40670.82813,40670.82813,283890000
8/20/24,40834.96875,40909.37891,40756.64844,40874.51953,299380000
8/21/24,40890.48828,40974.39844,40738.42969,40881.03125,281460000
8/22/24,40712.78125,41026.64063,40584.46875,40932.23047,310470000
8/23/24,41175.07813,41207.92188,40842.96094,40879.12109,300080000
8/26/24,41240.51953,41420.05078,41140.23047,41200.83984,249300000
8/27/24,41250.5,41271.75,41109.42188,41186.28125,256160000
8/28/24,41091.42188,41351.10938,40842.28906,41250.17188,272170000
8/29/24,41335.05078,41577.96875,41086.80859,41345.5,309820000
8/30/24,41563.07813,41585.21094,41145.85156,41366.16016,494900000
9/3/24,40936.92969,41489.67188,40778.08984,41489.67188,420530000
9/4/24,40974.96875,41172.58984,40840.89063,40872.05859,359380000
9/5/24,40755.75,41084.78125,40519.07813,41056.32813,331250000
9/6/24,40345.41016,41009.39063,40297.32813,40756.80859,370440000
9/9/24,40829.58984,41000.23828,40518.05859,40555.10938,376720000
9/10/24,40736.96094,40916.5,40417.48047,40916.5,360950000
9/11/24,40861.71094,40903.67969,39993.07031,40638.76172,356040000
9/12/24,41096.76953,41107.35156,40665.53125,40862.10938,289300000
9/13/24,41393.78125,41533.83984,41128.69922,41153.69922,276800000
9/16/24,41622.07813,41733.96875,41435.17188,41435.17188,408670000
9/17/24,41606.17969,41835.28125,41470.69141,41723.78125,448610000
9/18/24,41503.10156,41981.96875,41449,41628.91016,383600000
9/19/24,42025.19141,42160.91016,41832.08984,41972.55859,429760000
9/20/24,42063.35938,42138.41016,41865.94922,41959.42969,1207660000
9/23/24,42124.64844,42190.05078,42012.21875,42060.39844,455200000
9/24/24,42208.21875,42281.05859,42056.82031,42234.98828,401020000
9/25/24,41914.75,42299.64063,41859.73047,42236.08984,374960000
9/26/24,42175.10938,42224.14844,42036.28125,42113.42188,353600000
9/27/24,42313,42628.32031,42227.94922,42227.94922,329840000
9/30/24,42330.14844,42347.66016,41929.07031,42289.75,354430000
10/1/24,42156.96875,42322.35938,41945.62891,42262.96875,380240000
10/2/24,42196.51953,42259.51953,41968.78906,42125.14063,301760000
10/3/24,42011.58984,42125.83984,41847.80859,42099.53125,267260000
10/4/24,42352.75,42361.37891,41972.10938,42248.26172,296550000
10/7/24,41954.23828,42293.64063,41831.73828,42289.51172,307230000
10/8/24,42080.37109,42128.55859,41874.71875,42022.64844,284500000
10/9/24,42512,42562.01172,41993.35156,42070.32031,267400000
10/10/24,42454.12109,42511.37109,42308.03906,42511.37109,245570000
10/11/24,42863.85938,42899.75,42507.53125,42507.53125,265330000
10/14/24,43065.21875,43139,42707.14063,42800.89063,240050000
10/15/24,42740.42188,43277.78125,42703.17188,43240.17188,360880000
10/16/24,43077.69922,43100.83984,42692.37109,42706.48828,297510000
10/17/24,43239.05078,43289.76172,43119.80859,43119.80859,267370000
10/18/24,43275.91016,43325.08984,43036.35156,43187.12109,295500000
10/21/24,42931.60156,43310.87109,42877.57031,43222.21094,273590000
10/22/24,42924.89063,43041.05078,42718.26172,42876.83984,335200000
10/23/24,42514.94922,42834.39844,42293.17188,42834.39844,356610000
10/24/24,42374.35938,42522.55078,42191.82813,42522.55078,282680000
10/25/24,42114.39844,42594.64063,42051.39063,42477.51172,314000000
10/28/24,42387.57031,42476.46094,42264.53906,42264.53906,284770000
10/29/24,42233.05078,42491.85938,42171.64844,42323.48047,373550000
10/30/24,42141.53906,42457.92188,42141.53906,42249.80859,377420000
10/31/24,41763.46094,41991.91016,41704.62891,41956.33984,497370000
11/1/24,42052.19141,42326.30859,41869.82031,41869.82031,531350000
11/4/24,41794.60156,42035.87109,41647.30078,42004.66016,341500000
11/5/24,42221.87891,42258.83984,41766.96094,41835.48828,283990000
11/6/24,43729.92969,43778.78125,42850.39844,42850.39844,550400000
11/7/24,43729.33984,43823.10156,43641.92188,43718.92188,437510000
11/8/24,43988.98828,44157.28906,43733.85938,43768.53125,454570000
11/11/24,44293.12891,44486.69922,44057.64844,44057.64844,451940000
11/12/24,43910.98047,44405.73047,43887.26953,44359.21094,482720000
11/13/24,43958.19141,44141.32813,43829.98047,43880.46094,500190000
11/14/24,43750.85938,44080.78125,43704.82031,44032.37891,545090000
11/15/24,43444.98828,43647.53125,43350.42969,43587.92969,664320000
11/18/24,43389.60156,43505.66016,43297.57031,43431.89063,527180000
11/19/24,43268.94141,43380.96875,42938.87109,43243.26953,497970000
11/20/24,43408.46875,43465.76953,43074.85938,43296.05078,559010000
11/21/24,43870.35156,44020.30859,43345.57813,43538.69922,712120000
11/22/24,44296.51172,44323.94922,43871.62891,43871.62891,533010000
11/25/24,44736.57031,44815.67188,44385.48828,44385.48828,826660000
11/26/24,44860.30859,44903.01172,44426.66016,44614.89063,476170000
11/27/24,44722.05859,45003.05859,44690.23047,44837.75,451360000
11/29/24,44910.64844,45071.28906,44760.05078,44760.05078,319210000
12/2/24,44782,45001.66016,44710.16016,44925.85938,439740000
12/3/24,44705.53125,44914.67969,44574.78125,44769.57813,429130000
12/4/24,45014.03906,45073.62891,44799.73828,44941.05078,554420000
12/5/24,44765.71094,45059.94141,44747.14063,45038.44141,457340000
12/6/24,44642.51953,44923.73828,44596.46094,44824.28906,466910000
12/9/24,44401.92969,44728.51172,44382.82813,44637.96875,503920000
12/10/24,44247.82813,44470.83984,44186.66016,44291.57031,482660000
12/11/24,44148.55859,44376.17969,44135.73828,44300.41016,512650000
12/12/24,43914.12109,44208.60156,43903.26953,44168.66016,396050000
12/13/24,43828.05859,44054.23047,43790.48047,43929.14844,455380000
12/16/24,43717.48047,43951.57813,43686.85156,43825.76172,579350000
12/17/24,43449.89844,43656.46875,43336.21875,43656.46875,593670000
12/18/24,42326.87109,43688.96875,42300.03906,43459.71875,627570000
12/19/24,42342.23828,42787.85156,42334.12891,42464.12891,560200000
12/20/24,42840.26172,43216.03125,42146.32813,42296.26172,1121300000
12/23/24,42906.94922,42957.78906,42516.87109,42800.48828,449390000
12/24/24,43297.03125,43297.64844,42871.76172,42916.48047,230410000
12/26/24,43325.80078,43373.98047,43115.08984,43201.85156,270350000
12/27/24,42992.21094,43238.85156,42761.55859,43142.37109,376960000
12/30/24,42573.73047,42863.85938,42263.51172,42863.85938,383300000
12/31/24,42544.21875,42779.69141,42421.28906,42636.69922,359210000
1/2/25,42392.26953,42905.08984,42174.80078,42660.08984,459850000
1/3/25,42732.12891,42782.76172,42436.92188,42495.76172,455810000
1/6/25,42706.55859,43115.30859,42611.16016,42835.51953,557040000
1/7/25,42528.35938,42931.53906,42380.75,42809.71094,621630000
1/8/25,42635.19922,42656.21875,42327.78906,42542.10156,463430000
1/10/25,41938.44922,42540.28906,41877.30078,42540.28906,543810000
1/13/25,42297.12109,42319.60156,41844.89063,41924.67969,500190000
1/14/25,42518.28125,42544.57031,42157.03125,42366.42188,454650000
1/15/25,43221.55078,43323.48828,42927.76172,42927.76172,479110000
1/16/25,43153.12891,43294.80859,43081.75,43290.25,504270000
1/17/25,43487.82813,43653.25,43312.55078,43312.55078,554870000
1/21/25,44025.80859,44050.12891,43528.64844,43528.64844,592210000
1/22/25,44156.73047,44208.33984,44042.10938,44178.05859,588430000
1/23/25,44565.07031,44565.26172,44113.55078,44113.55078,444180000
1/24/25,44424.25,44545.51953,44332.21875,44533.75,532230000
1/27/25,44713.57813,44727.85156,44026.26953,44148.83984,1230150000
1/28/25,44850.35156,44976.35156,44621.96094,44756.35938,915110000
1/29/25,44713.51953,44962.57813,44579.10156,44819.55078,695190000
1/30/25,44882.12891,45008.75,44548.69141,44548.69141,714080000
1/31/25,44544.66016,45054.35938,44507.21875,45054.35938,768530000
2/3/25,44421.91016,44594.53906,43879.05859,44268.14844,712890000
2/4/25,44556.03906,44597.71094,44328.51953,44469.46094,561360000
2/5/25,44873.28125,44886.87891,44352.98828,44563.62891,552040000
2/6/25,44747.62891,44966.62891,44545.26953,44949.19141,542250000
2/7/25,44303.39844,44857.10938,44279.78125,44762.57031,552510000
2/10/25,44470.41016,44622.19141,44301.42188,44396.92188,494600000
2/11/25,44593.64844,44640.60156,44319.51172,44401.37891,453440000
2/12/25,44368.55859,44467.21094,44104.48047,44357.69922,444470000
2/13/25,44711.42969,44768.26172,44366.62109,44425.94141,513960000
2/14/25,44546.07813,44769.05078,44498.96094,44720.98828,474570000
2/18/25,44556.33984,44602.01953,44319.32031,44583.91016,551790000
2/19/25,44627.58984,44636.19141,44312.64844,44478.12109,438880000
2/20/25,44176.64844,44561.10938,43950.16016,44561.10938,448500000
2/21/25,43428.01953,43959.73047,43349.32813,43820.12891,622550000
2/24/25,43461.21094,43699.14844,43343.67188,43493.12109,615500000
2/25/25,43621.16016,43767.73828,43282.98047,43509.73828,641310000
2/26/25,43433.12109,43866.5,43318.92969,43635.42188,590270000
2/27/25,43239.5,43884.19141,43224.53125,43516.44141,739620000
2/28/25,43840.91016,43873.55078,43100.87109,43259.83984,782170000
3/3/25,43191.23828,44033.78125,42919.30859,43900.48828,731560000
3/4/25,42520.98828,43084,42347.75,43040.30078,815780000
3/5/25,43006.58984,43135.92188,42418.73047,42518.37109,582350000
3/6/25,42579.07813,42970.48828,42381.55859,42848.48828,643880000
3/7/25,42801.71875,42898.67969,42175.62109,42503.07031,763440000
3/10/25,41911.71094,42541.35938,41612.92188,42507.64844,840180000
3/11/25,41433.48047,41868.26953,41175.37109,41837.94922,828160000
3/12/25,41350.92969,41721.35938,41010.23828,41577.5,712360000
3/13/25,40813.57031,41360.12109,40661.76953,41280.05078,646770000
3/14/25,41488.19141,41528.10938,40929.53906,41057.57031,600240000
3/17/25,41841.62891,42013.10156,41412.75,41460.21875,564190000
3/18/25,41581.30859,41787.25,41415.42969,41772.91016,569810000
3/19/25,41964.62891,42178.41016,41613.19141,41613.19141,577530000
3/20/25,41953.32031,42250.28906,41695.60938,41795.26172,545240000
3/21/25,41985.35156,42011.39844,41433.85938,41763.39844,1026600000
3/24/25,42583.32031,42638.85156,42180.14063,42180.14063,548840000
3/25/25,42587.5,42696.60938,42441.82813,42635.53906,452200000
3/26/25,42454.78906,42821.82813,42326.67188,42655.85156,592650000
3/27/25,42299.69922,42523.83984,42142.19141,42432.96094,484540000
3/28/25,41583.89844,42258.14844,41530,42245.82031,532360000
3/31/25,42001.76172,42147.37891,41148.12891,41382.51953,732220000
4/1/25,41989.96094,42140.66016,41519.89844,41879.75,514610000
4/2/25,42225.32031,42382.26953,41629.69922,41736.07813,492050000
4/3/25,40545.92969,41173.62109,40513.10938,40986.51953,941940000
4/4/25,38314.85938,40097.89844,38264.87109,40097.89844,1290100000
4/7/25,37965.60156,39207.01953,36611.78125,37879.64844,1363960000
4/8/25,37645.58984,39426.60156,37103.85938,38827.10156,1051220000
4/9/25,40608.44922,40778.69922,37275.69141,37387.91016,1412960000
4/10/25,39593.66016,39996.92969,38427.69922,39996.92969,1023490000
4/11/25,40212.71094,40404.26953,39255.21094,39493.42188,742800000
4/14/25,40524.78906,40778.28906,40159.01953,40546.14844,667010000
4/15/25,40368.96094,40791.17969,40346.94141,40527.82031,529800000
4/16/25,39669.39063,40416.80078,39394.75,40179.48828,737550000
4/17/25,39142.23047,39745.57813,38950.30859,39745.57813,657400000
4/21/25,38170.41016,38906.03906,37830.66016,38906.03906,604790000
4/22/25,39186.98047,39272.03125,38516.23047,38516.23047,582330000
4/23/25,39606.57031,40376.10938,39487.14063,39815.01172,642550000
4/24/25,40093.39844,40157.91016,39371.87109,39531.05078,558120000
4/25/25,40113.5,40137.30859,39718.67969,40045.73047,559040000
4/28/25,40227.58984,40414.17969,39869.10156,40171.73828,475930000
4/29/25,40527.62109,40630.48828,40222.17969,40233.98047,434830000
4/30/25,40669.35938,40777.16016,39745.62891,40290.41016,599760000
5/1/25,40752.96094,41099.51953,40705.62891,40918.03906,597270000
5/2/25,41317.42969,41386.19141,40960.42188,40960.42188,589870000
5/5/25,41218.82813,41445.91016,41063.44141,41173.37891,413440000
5/6/25,40829,41164.32813,40759.41016,41000.19141,416110000
5/7/25,41113.96875,41266.91016,40829.28906,40956.07813,533870000
5/8/25,41368.44922,41773.21875,41167.76172,41312.57031,514850000
5/9/25,41249.37891,41512.42969,41150.73047,41405.48047,373930000
5/12/25,42410.10156,42418.05078,41899.05078,41899.05078,653810000
5/13/25,42140.42969,42507.32813,42132.03906,42507.32813,729860000
5/14/25,42051.05859,42254.75,41952.85938,42150.08984,660230000
5/15/25,42322.75,42351.42188,41777.98047,41777.98047,736430000
5/16/25,42654.73828,42663.67969,42232.55859,42356.19922,621250000
5/19/25,42792.07031,42842.03906,42337.71094,42542.80859,536830000
5/20/25,42677.23828,42800.03906,42485.37109,42735.10938,441530000
5/21/25,41860.44141,42439.26953,41785.21875,42354.46094,607900000
5/22/25,41859.08984,42090.42188,41714.42969,41763.67969,476080000
5/23/25,41603.07031,41788.60938,41354.08984,41525.69922,497060000
5/27/25,42343.64844,42350.66016,41849.03906,41849.03906,501340000
5/28/25,42098.69922,42448.71875,42042.26172,42361.62891,518840000
5/29/25,42215.73047,42266,41828.35156,42190.01953,665310000
5/30/25,42270.07031,42376.07813,41906.16016,42192.35156,796200000
6/2/25,42305.48047,42317,41853.62109,42199.94141,454680000
6/3/25,42519.64063,42568.37891,42186.44141,42304.5,504410000
6/4/25,42427.73828,42645,42427.73828,42574.12891,409600000
6/5/25,42319.73828,42601.44922,42211.69141,42487.89063,532850000
6/6/25,42762.87109,42924.55859,42582.55078,42631.82031,414540000
6/9/25,42761.76172,42893.08984,42567.55078,42786.19141,485780000
6/10/25,42866.87109,42925.94141,42710.08984,42738.26953,446850000
6/11/25,42865.76953,43115.69141,42738.62109,42882.85938,467260000
6/12/25,42967.62109,42970.39844,42606.42188,42737.35938,455760000
6/13/25,42197.78906,42602.48047,42081.08984,42579.48047,485930000
6/16/25,42515.08984,42707.73047,42300.12891,42300.12891,467040000
6/17/25,42215.80078,42530.82813,42132.64844,42358.62109,423070000
6/18/25,42171.66016,42510.07031,42118.23047,42236.03125,485440000
6/20/25,42206.82031,42432.19141,42089.98828,42291.08984,859840000
6/23/25,42581.78125,42609.46875,41981.14063,42178.55078,496750000
6/24/25,43089.01953,43183.48047,42794.07813,42807.12891,516060000
6/25/25,42982.42969,43130.32813,42871.5,43130.32813,527460000
6/26/25,43386.83984,43430.98828,43084.07031,43084.07031,536710000
6/27/25,43819.26953,43966.37109,43505.60156,43505.60156,921330000
6/30/25,44094.76953,44138.69141,43889.16016,44020.66016,623630000
7/1/25,44494.94141,44604.14844,44013.53906,44061.48828,593600000
7/2/25,44484.42188,44557.82031,44354.01172,44455.66016,499870000
7/3/25,44828.53125,44885.82813,44550.42188,44565.75,346620000
7/7/25,44406.35938,44803.35938,44160.32031,44803.35938,442350000
7/8/25,44240.76172,44436.96094,44201.37109,44378.57813,445670000
7/9/25,44458.30078,44556.67969,44225.87891,44327.12891,531790000
7/10/25,44650.64063,44775.46875,44372.92188,44427.75,452340000
7/11/25,44371.51172,44480.76953,44275.25,44480.76953,474090000
7/14/25,44459.64844,44472.12891,44237.28125,44346.14844,410250000
7/15/25,44023.28906,44504.26953,44002.39063,44459.83984,496270000
7/16/25,44254.78125,44260.19141,43758.98047,44152.73828,450190000
7/17/25,44484.48828,44558.05078,44200.03906,44229.87891,455310000
7/18/25,44342.19141,44571.67969,44224.58984,44571.67969,497800000
7/21/25,44323.07031,44601.85156,44311.42188,44368.39844,446590000
7/22/25,44502.44141,44542.53125,44272.60156,44338.62109,483560000
7/23/25,45010.28906,45016.71094,44638.44141,44661.12109,446630000
7/24/25,44693.91016,44912.26953,44674.57031,44776.41016,453000000
7/25/25,44901.92188,44944.46094,44650.58984,44757.28125,369500000
7/28/25,44837.55859,44946.98047,44739.96094,44946.98047,416510000
7/29/25,44632.98828,44883.66016,44568.82813,44833.73828,488780000
7/30/25,44461.28125,44739.53125,44261.71094,44677.89844,456840000
7/31/25,44130.98047,44665.82031,44049.01172,44665.82031,689040000
8/1/25,43588.57813,43781.76953,43340.67969,43781.76953,705150000
8/4/25,44173.64063,44188.35938,43724.01953,43724.01953,514180000
8/5/25,44111.73828,44308.5,43923.80859,44200.07031,455690000
8/6/25,44193.12109,44290.08984,44017.71094,44196.60938,518970000
8/7/25,43968.64063,44498.42969,43799.19922,44430.08984,492480000
8/8/25,44175.60938,44272.75,44028.94141,44044.94922,452500000
8/11/25,43975.08984,44273.03125,43911.30859,44184.35938,431510000
8/12/25,44458.60938,44497.58984,44050.53125,44050.53125,442850000
8/13/25,44922.26953,44949.12109,44571.53125,44571.53125,521430000
8/14/25,44911.26172,44948.69922,44690.5,44890.83984,453530000
8/15/25,44946.12109,45203.51953,44897.98047,45159.91016,547270000
8/18/25,44911.82031,44998.82813,44868.32031,44963.17188,416460000
8/19/25,44922.26953,45207.39063,44816.5,44952.35938,466010000
8/20/25,44938.30859,45033.75,44767.96875,44922.69922,512550000
8/21/25,44785.5,44892.60938,44579.03125,44808.21094,407540000
8/22/25,45631.73828,45757.83984,44952.87891,44952.87891,484720000
8/25/25,45282.46875,45605.25,45273.08984,45605.25,393960000
8/26/25,45418.07031,45437.62109,45192.28906,45236.82813,490980000
8/27/25,45565.23047,45621.07813,45372.78125,45417.46094,430980000
8/28/25,45636.89844,45682.82813,45442.67969,45581.03125,540880000
8/29/25,45544.87891,45616.16016,45377.21094,45590.96094,494870000
9/2/25,45295.80859,45295.80859,44948.16016,45287.73047,533180000
9/3/25,45271.23047,45309.42969,44980.35938,45309.42969,479210000
9/4/25,45621.28906,45632.39063,45160.73828,45204.87109,457490000
9/5/25,45400.85938,45770.19922,45211.78125,45656.48828,558920000
9/8/25,45514.94922,45542.55859,45277.73047,45430.60938,472240000
9/9/25,45711.33984,45764.19922,45433.51172,45547.62109,449650000
9/10/25,45490.92188,45731.5,45380.05859,45731.5,579920000
9/11/25,46108,46137.19922,45577.08984,45577.08984,448340000
9/12/25,45834.21875,46077.14063,45813.92969,46077.14063,421730000
9/15/25,45883.44922,45978.42969,45771.87891,45848.39063,401500000
9/16/25,45757.89844,45967.10938,45667.42188,45919.53906,443400000
9/17/25,46018.32031,46261.94922,45687.58984,45778.39844,509830000
9/18/25,46142.42188,46317.51953,45954.73047,46056.55078,489090000
9/19/25,46315.26953,46396.46875,46105.01953,46211.16016,972580000
9/22/25,46381.53906,46447.12891,46035.82813,46206.69141,627450000
9/23/25,46292.78125,46714.26953,46217.57813,46364.10938,541530000
9/24/25,46121.28125,46453.07031,46096.39063,46368.94141,421040000
9/25/25,45947.32031,46122.42188,45785.17188,46097.42969,509180000
9/26/25,46247.28906,46353.03125,46051.92188,46101.44922,434270000
9/29/25,46316.07031,46387.05859,46149.05078,46306.33984,479740000
9/30/25,46397.89063,46425.30078,46103.39063,46282.62891,584780000
10/1/25,46441.10156,46528.78125,46276.39063,46366.78125,552790000
10/2/25,46519.71875,46589.30859,46283.57031,46461.10938,442010000
10/3/25,46758.28125,47049.64063,46566.87109,46583.94922,425050000
10/6/25,46694.96875,46846.44922,46426.96094,46776.03906,500000000
10/7/25,46602.98047,46868.48828,46448.01953,46700.89844,411280000
10/8/25,46601.78125,46816.28125,46498.39063,46649.32031,423510000
10/9/25,46358.42188,46684.41016,46271.39844,46622.30859,493080000
10/10/25,45479.60156,46641.73828,45470.71875,46394.87891,658100000
10/13/25,46067.57813,46153.48828,45698.46094,45698.46094,414070000
10/14/25,46270.46094,46522.67188,45452.03125,45871.89063,515330000
10/15/25,46253.30859,46693.33984,46027.23047,46375.17188,488700000
10/16/25,45952.23828,46422.33984,45781.17969,46289.08984,481610000
10/17/25,46190.60938,46327.07031,45862.37109,45862.39844,492870000
10/20/25,46706.57813,46759.26953,46312.87891,46312.87891,444010000
10/21/25,46924.73828,47125.66016,46688.25,46707.07813,430490000
10/22/25,46590.41016,46941.55859,46461.51953,46941.55859,458450000
10/23/25,46734.60938,46802.14844,46490.05859,46519.12891,407570000
10/24/25,47207.12109,47326.73047,46811.51172,46811.51172,403500000
10/27/25,47544.58984,47564.51953,47375.96094,47412.80078,426790000
10/28/25,47706.37109,47943.16016,47675.69922,47752.35156,603670000
10/29/25,47632,48040.64063,47448.58984,47746.78906,683470000
10/30/25,47522.12109,48014.92188,47381.91016,47446.87891,593890000
10/31/25,47562.87109,47718.37891,47347.28125,47659.96094,704620000
11/3/25,47336.67969,47697.32813,47135.96094,47697.32813,571740000
11/4/25,47085.23828,47274.89844,46877.05859,47148.03906,514650000
11/5/25,47311,47460.35938,47041.30859,47097.30859,469010000
11/6/25,46912.30078,47359.28906,46787.44141,47255.12109,552150000
11/7/25,46987.10156,46996.71094,46495.62109,46797.03125,591090000
11/10/25,47368.62891,47412.89063,46934.35156,47095.05859,490070000
11/11/25,47927.96094,47974.37109,47384.51172,47384.51172,454970000
11/12/25,48254.82031,48431.57031,48015.78906,48015.78906,497550000
11/13/25,47457.21875,48233.25,47411.10156,48173.92188,608110000
11/14/25,47147.48047,47380.07031,46863.05078,47222.37891,552330000
11/17/25,46590.23828,47202.55859,46430.26953,47068.05859,503830000
11/18/25,46091.73828,46382.92188,45913.60156,46382.92188,596360000
11/19/25,46138.76953,46299.12891,45905.19141,46138.67969,555370000
11/20/25,45752.26172,46856.75,45728.92969,46567.51172,721440000
11/21/25,46245.41016,46577.5,45781.57813,45808.64844,790560000
11/24/25,46448.26953,46587.71094,46108.01172,46351.92969,743580000
11/25/25,47112.44922,47182.89844,46341.35156,46482.35938,648860000
11/26/25,47427.12109,47571.39844,47196.14844,47196.14844,454980000
11/28/25,47716.42188,47750.76953,47475.60938,47482.25,272500000
12/1/25,47289.32813,47676.03125,47271.10938,47580.85156,482190000
12/2/25,47474.46094,47597.10938,47263.92188,47416.91016,510900000
12/3/25,47882.89844,47969.64063,47371.62109,47371.62109,490380000
12/4/25,47850.94141,48049.71875,47692.96094,47888.16016,498740000
12/5/25,47954.98828,48133.53906,47871.51172,47879.60156,456100000
12/8/25,47739.32031,47971.51172,47611.92969,47971.51172,505490000
12/9/25,47560.28906,47957.78906,47533.60156,47724.51953,425470000
12/10/25,48057.75,48197.30078,47462.94141,47573.96094,545610000
12/11/25,48704.01172,48756.33984,48082.89844,48082.89844,493950000
12/12/25,48458.05078,48886.85938,48334.10156,48714.75,495830000
12/15/25,48416.55859,48679.14063,48283.26953,48594.35938,516630000
12/16/25,48114.26172,48452.17188,47946.25,48380.17188,457400000
12/17/25,47885.96875,48387.32813,47856.78906,48128.05078,534260000
12/18/25,47951.85156,48365.92969,47849.48047,48101.17969,521430000
12/19/25,48134.89063,48289.62891,47974.82031,47974.82031,1227520000
12/22/25,48362.67969,48457.46875,48199.12891,48211.87891,427050000
12/23/25,48442.41016,48527.5,48254.30859,48320.58984,418920000
12/24/25,48731.16016,48771.32031,48386.58984,48424.71094,206740000
12/26/25,48710.96875,48782,48589.07031,48712.46875,288770000
12/29/25,48461.92969,48704.82813,48390.91016,48636.62891,321850000
12/30/25,48367.05859,48471.69922,48297.26172,48434.87891,282570000
12/31/25,48063.28906,48394.51172,48050.87891,48371.51953,336060000
1/2/26,48382.39063,48404.05859,47853.03906,48105.98047,465060000
1/5/26,48977.17969,49209.94922,48449.62109,48475.80859,578580000
1/6/26,49462.07813,49509.92188,48923.82813,48987.35938,541220000
1/7/26,48996.07813,49621.42969,48951.98828,49512.71875,506140000
1/8/26,49266.10938,49357.73828,48792.33984,48850.17188,515070000
1/9/26,49504.07031,49571.41016,49197.05859,49234.80859,444480000
1/12/26,49590.19922,49633.35156,49011.30859,49499.67188,516430000
1/13/26,49191.98828,49616.94922,49056.30859,49616.94922,549950000
1/14/26,49149.62891,49195.10156,48851.98047,49088.25,530670000
1/15/26,49442.44141,49581.17969,49201.10156,49201.10156,541520000
1/16/26,49359.32813,49616.69922,49246.23828,49466.69922,992970000
1/20/26,48488.58984,49005.01172,48428.12891,49005.01172,676030000
1/21/26,49077.23047,49295.03125,48546.03125,48546.03125,600840000
1/22/26,49384.01172,49607.28906,49201.80859,49201.80859,455130000
1/23/26,49098.71094,49265.46094,48963.05078,49264.53906,461030000
1/26/26,49412.39844,49488.80859,49137.64844,49137.64844,454370000
1/27/26,49003.41016,49157.80078,48862.51953,49103.57813,533780000
1/28/26,49015.60156,49150.33984,48901.48828,49024.67969,470990000
1/29/26,49071.55859,49292.80859,48597.21875,48938.26953,693040000
1/30/26,48892.46875,49047.67969,48459.87891,48991.62109,761990000
2/2/26,49407.66016,49484.94922,48673.57813,48777.76953,632100000
2/3/26,49240.98828,49653.12891,48832.78125,49358.58984,741310000
2/4/26,49501.30078,49649.85938,49112.42969,49323.58984,742920000
2/5/26,48908.71875,49340.89844,48829.10156,49313.03906,710270000
2/6/26,50115.67188,50169.64844,49032.19141,49032.19141,775490000
2/9/26,50135.87109,50219.39844,49837.44922,50047.78906,623640000
2/10/26,50188.14063,50512.78906,50115.03125,50193.48828,532700000
2/11/26,50121.39844,50499.03906,49901.60938,50243.14844,569380000
2/12/26,49451.98047,50447.01172,49420.28125,50170.26953,765340000
2/13/26,49500.92969,49743.98047,49084.35156,49439.57813,597100000
2/17/26,49533.19141,49732.37109,49169.83984,49525.37109,558570000
2/18/26,49662.66016,49897.30859,49469.05859,49571.92188,493390000
2/19/26,49395.16016,49606.17188,49197.53125,49576.21875,439980000
2/20/26,49625.96875,49712.55859,49158.28125,49323,574810000
2/23/26,48804.05859,49695.60938,48731.46094,49536.53906,574610000
2/24/26,49174.5,49295.21094,48752.73828,48827.80078,524270000
2/25/26,49482.14844,49517.35938,49206.87109,49357.62891,541620000
2/26/26,49499.19922,49815.21875,49237.37891,49544.57813,684630000
2/27/26,48977.92188,49253.57031,48678.78125,49253.57031,811800000
3/2/26,48904.78125,49064.67188,48377.96094,48794.42188,552340000
3/3/26,48501.26953,48695.35938,47626.85156,48493.10938,533540000
3/4/26,48739.41016,48854.05078,48354.37109,48589.76953,511380000
3/5/26,47954.73828,48526.73047,47577.10938,48526.73047,625110000
3/6/26,47501.55078,47634.55078,47009.01172,47634.55078,541850000
3/9/26,47740.80078,47876.05859,46615.51953,47371.28125,560020000
3/10/26,47706.51172,48220.53906,47444.23047,47771.42969,490360000
3/11/26,47417.26953,47711.26172,47185.89063,47690.76172,419500000
3/12/26,46677.85156,47242.51953,46662.23047,47242.51953,535900000
3/13/26,46558.46875,47123.98828,46494.62891,46689.23828,453250000
3/16/26,46946.41016,47176.14063,46707.39844,46707.39844,514980000
3/17/26,46993.26172,47428.12109,46975.51953,47085.53125,479900000
3/18/26,46225.14844,46913.92969,46193.05859,46913.92969,472020000
3/19/26,46021.42969,46247.21875,45733.69922,46134.87109,482890000
3/20/26,45577.46875,46068.30859,45369.39063,45975.64844,1044540000
3/23/26,46208.46875,46712.32813,45803.82031,45803.82031,530140000
3/24/26,46124.05859,46400.82031,45769.69141,46099.85938,474450000
3/25/26,46429.48828,46718.42188,46196.91016,46314.23828,462990000
3/26/26,45960.10938,46547.58984,45910.75,46344.64063,505010000
3/27/26,45166.64063,45904.25,45063.32813,45904.25,555090000
3/30/26,45216.14063,45625.76172,45057.28125,45283.05859,540680000
3/31/26,46341.51172,46383.39844,45480.30078,45541.76172,639410000
4/1/26,46565.73828,46803.35938,46396.12109,46396.12109,604140000
4/2/26,46504.67188,46754.71875,45897.23828,46469.35938,446710000
4/6/26,46669.87891,46701.10156,46354.94922,46472.19922,339870000
4/7/26,46584.46094,46744.76172,46214.76953,46744.76172,450740000
4/8/26,47909.92188,48017.08984,46978.17188,46978.17188,523710000
4/9/26,48185.80078,48323.94922,47690.26953,47840.62891,445240000
4/10/26,47916.57031,48235.05859,47856.17969,48199.39063,477060000
4/13/26,48218.25,48221.37109,47505.96875,47718.21094,455850000
4/14/26,48535.98828,48592.28906,48192.30078,48272.03125,527910000
4/15/26,48463.71875,48709.01172,48281.62109,48549.14063,529870000
4/16/26,48578.71875,48683.44922,48337.37891,48557.82031,456610000
4/17/26,49447.42969,49717.98047,48788.80859,48788.80859,585650000
4/20/26,49442.55859,49489.62891,49245.60156,49422.37109,411270000
4/21/26,49149.37891,49848.69141,49046.53906,49688.37109,476630000
4/22/26,49490.03125,49624.48047,49271.5,49271.5,426410000
4/23/26,49310.32031,49522.94141,48861.30859,49284.85156,455470000
4/24/26,49230.71094,49393.33984,49085.75,49320.28906,536950000
4/27/26,49167.78906,49353.69141,49029.46875,49112.19922,514570000
4/28/26,49141.92969,49381.32813,49077.75,49276.80078,508210000
4/29/26,48861.80859,49163.78125,48708.57031,49163.78125,453280000
4/30/26,49652.14063,49753.26172,48762.92969,48762.92969,733120000
5/1/26,49499.26953,49988.55859,49496.46875,49832.57031,465300000
5/4/26,48941.89844,49441.42969,48913.05859,49416.66016,439460000
5/5/26,49298.25,49365.21875,49009.10938,49037.12109,395600000
5/6/26,49910.58984,50011.53125,49442.19141,49442.19141,552640000
5/7/26,49596.96875,50130.19922,49487.96875,50002.39063,482010000
5/8/26,49609.16016,49830.69922,49486.96094,49581.08984,456510000
5/11/26,49704.46875,49771.23828,49475.78125,49549.07031,493230000
5/12/26,49760.55859,49823.94141,49307.66016,49739.62109,498360000
5/13/26,49693.19922,49747.60938,49451,49674.57813,485990000
5/14/26,50063.46094,50200.53906,49843.57813,49843.57813,504090000
5/15/26,49526.17188,49930.26172,49503.57031,49930.26172,587920000
5/18/26,49686.12109,49761.16016,49352.55859,49481.03906,461520000
5/19/26,49363.87891,49696.53125,49245.10938,49696.53125,494840000
5/20/26,50009.35156,50067.21875,49235.73828,49348.82813,513230000
5/21/26,50285.66016,50381.41016,49697.46875,49983.80078,560940000
5/22/26,50579.69922,50830.23828,50434.64844,50434.64844,463470000
5/26/26,50461.67969,50785.67969,50356.64063,50686.14844,530360000
5/27/26,50644.28125,50830.41016,50487.16016,50487.16016,503580000
5/28/26,50668.96875,50764.03906,50314.33984,50660.98047,505090000
5/29/26,51032.46094,51094.17969,50698.26953,50773.91016,894700000
6/1/26,51078.87891,51161.10156,50767.32031,51161.10156,625190000
6/2/26,51307.78906,51369.60938,50829.55078,50912.83984,548760000
6/3/26,50687.07031,51220.92188,50687.07031,51220.92188,546850000
6/4/26,51561.92969,51657.89063,50986.10156,50986.10156,520670000
6/5/26,50866.78125,51660.39844,50781.44922,51610.01953,638680000
6/8/26,50786.01172,51277.14844,50732.35156,50997.23047,477180000
6/9/26,50872.10938,51260.92188,50211.12109,50814.42188,566610000
6/10/26,49918.78125,50769.26172,49909.07031,50760.12109,503790000
6/11/26,50848.75,50968.94922,49972.07031,49972.07031,516860000
6/12/26,51202.26172,51409.69922,50827.83984,51148.73047,427710000
6/15/26,51671.03125,51945.89063,51364.55078,51364.55078,509660000
6/16/26,51999.67188,52190.28906,51712.62891,51712.62891,447100000
6/17/26,51492.55078,52281.19141,51392.57813,51937.55859,496040000
6/18/26,51564.69922,51949.26172,51554.53125,51571.85156,985370000
6/22/26,51712.71094,51887.85156,51555.19141,51555.19141,529120000
6/23/26,51666.83984,51872.55859,51301.76953,51735.64063,548870000
6/24/26,51848.89844,52248.69141,51617.73047,51660.75,560270000
6/25/26,51920.62109,52655.66016,51857.78125,52009.01953,639230000
6/26/26,51876.10938,52130.07031,51614.73828,51803.76953,1297680000
6/29/26,52182.73828,52311.62891,51949.53906,51995.14063,580440000
6/30/26,52319.19922,52387.44922,52033.12891,52168.17969,622980000
7/1/26,52305.23828,52742.66016,52026.64063,52231.17969,622970000
7/2/26,52900.07031,52903.85156,52395.21875,52395.21875,548820000
7/6/26,53055.91016,53060.10156,52648.69141,52828.44922,467390000
7/7/26,52925.14844,53289.30078,52774.17188,53104.05859,442010000
7/8/26,52348.39063,52758.46875,52069.87109,52758.46875,454130000
7/9/26,52487.41016,52574.89063,52249.44141,52249.44141,456760000
7/10/26,52637.01172,52709.75,52266.80859,52622.92188,408090000
7/13/26,52498.64063,52846.51172,52351.12109,52676.53125,399240000
7/14/26,52508.26953,52695.05859,52046.35938,52046.35938,464870000
7/15/26,52658.64063,52823.94922,52428.53906,52604.19922,506020000
7/16/26,52552.96875,52924.85938,52367.42188,52924.85938,528320000
7/17/26,52146.42188,52610.96875,51986.73828,52426.46094,549690000
7/20/26,51839.26172,52411.89844,51781.89844,52154.57031,397690000
7/21/26,52224.64063,52370.64844,51890.10156,51916.78906,404610000
7/22/26,52218.57813,52511.21094,52148.87109,52287.14063,449100000
7/23/26,51711.64844,51885.14063,51542.05859,51755.53906,496570000
7/24/26,51947.25,52118.19141,51682.35938,51791.37109,437530000
7/27/26,52210.07813,52607.78125,51985.37891,52173.42188,487490000
7/28/26,52747.32031,52901.87109,52443.51953,52492.87891,544740000
7/29/26,51594.14063,52674.21094,51551.17969,52674.21094,531850000
7/30/26,52208.05859,52266.44922,51655.51953,52114.26953,631410000
7/31/26,52485.03125,52623.14063,51996.32031,52235.03125,697510000
8/3/26,53178.41016,53230.07813,52759.05859,52759.05859,598420000
8/4/26,54085.87891,54272.60156,53641.21094,53641.21094,580350000
8/5/26,54349.12109,54744.32813,54266.12109,54266.12109,519020000
8/6/26,53885.10156,54502.87109,53835.01953,54426.85156,416810000
8/7/26,54036.92969,54094.64844,53807.94141,53849.26172,378680000
8/10/26,53975.98047,54072.66016,53850.19141,54072.66016,413890000
8/11/26,53791.85156,54222.85156,53746.42969,53961.60156,379390000
8/12/26,53770.26953,53969.35938,53731.96094,53797.46875,410990000
8/13/26,53839.98828,54049.14063,53622.46094,53828.55078,417340000
8/14/26,53732.41016,53890.83984,53673.46875,53842.80078,319610000